Term,Instructor,Course,Enrolled,Completed,PerCent,iStandards,iChallenged,iPrepared,iConcepts,iEnthusiasm,iAskQues,iQuesEffect,iHours,iRating,iWelcQues,iParticipate,iDemo,iAnalyProb,iTopicApp,iUnderstand
201720,6963,1,30,14,47%,3.07,3.00,2.50,3.07,3.57,3.64,3.36,2.89,3.07,3.57,3.36,3.21,3.00,2.86,3.00
201420,6963,1,32,13,41%,3.00,2.92,2.92,3.31,3.31,3.54,3.31,3.25,3.00,3.46,3.46,3.46,2.86,3.14,3.29
201810,6963,1,27,14,52%,3.36,2.93,3.14,3.14,3.50,3.43,3.29,3.00,2.86,3.43,3.07,3.36,2.93,3.21,3.36
201710,6963,1,30,10,33%,3.20,3.10,2.70,3.00,3.50,3.50,3.40,2.80,3.00,3.70,3.60,3.40,3.00,3.00,3.40
201710,1116,1,33,31,94%,3.58,3.55,3.77,3.55,3.84,3.55,3.58,3.63,3.40,3.77,3.74,3.61,3.39,3.29,3.39
201710,1116,1,32,30,94%,3.53,3.47,3.47,3.30,3.70,3.60,3.53,3.28,3.23,3.65,3.50,3.47,3.37,3.30,3.33
201710,1116,1,29,26,90%,3.68,3.68,3.84,3.48,3.71,3.68,3.80,3.75,3.56,3.80,3.76,3.80,3.48,3.48,3.56
201620,1116,1,32,30,94%,3.77,3.70,3.80,3.60,3.80,3.73,3.80,3.80,3.77,3.83,3.73,3.77,3.63,3.73,3.73
201620,1116,1,32,32,100%,3.47,3.38,3.72,3.56,3.78,3.56,3.63,3.57,3.63,3.72,3.69,3.75,3.31,3.41,3.50
201420,1116,2,31,15,48%,3.73,3.67,3.67,3.33,3.73,3.60,3.67,3.45,3.67,3.67,3.73,3.73,3.62,3.62,3.77
201810,1116,2,29,22,76%,3.77,3.64,3.73,3.52,3.86,3.50,3.68,3.56,3.45,3.59,3.73,3.64,3.32,3.27,3.73
201810,1116,2,30,29,97%,3.83,3.76,3.76,3.48,3.86,3.76,3.76,3.88,3.62,3.86,3.76,3.72,3.41,3.62,3.69
201320,1116,2,25,6,24%,4.00,3.50,3.83,3.50,3.83,3.67,3.67,4.00,3.67,3.67,3.67,3.67,3.50,3.33,3.50
201310,1116,2,22,11,50%,3.91,3.91,3.73,3.73,3.91,3.45,3.73,3.80,3.82,3.82,3.82,3.82,3.64,3.64,3.73
201410,1116,2,26,16,62%,3.88,3.88,3.81,3.81,3.88,3.88,3.88,3.78,3.81,3.81,3.94,3.81,3.75,3.81,3.94
201510,5887,2,20,7,35%,3.57,3.43,3.14,3.29,3.43,3.71,3.57,3.75,3.00,3.57,3.14,3.57,3.14,3.14,2.86
201520,5887,2,31,7,23%,3.29,2.29,3.29,3.14,3.71,3.43,3.43,4.00,2.71,3.43,2.71,3.43,3.00,2.57,3.43
201620,5887,2,28,9,32%,3.44,3.22,3.33,3.44,3.89,3.67,3.78,3.63,3.13,3.78,3.56,3.56,3.33,3.44,3.22
201810,5887,2,10,7,70%,3.71,3.71,3.43,3.71,3.86,3.86,3.71,3.75,3.57,3.86,3.86,3.57,3.71,3.57,3.43
201810,5887,2,26,18,69%,3.56,3.56,3.67,3.56,3.83,3.72,3.72,3.80,3.78,3.83,3.78,3.78,3.72,3.50,3.72
201610,5887,2,23,21,91%,3.43,3.52,3.76,3.57,3.86,3.90,3.86,3.82,3.43,3.95,3.62,3.57,3.38,3.48,3.62
201720,5887,2,23,14,61%,3.79,3.43,3.57,3.86,3.71,3.64,3.43,3.67,3.36,3.50,3.36,3.71,3.29,3.36,3.50
201710,5887,2,20,18,90%,3.67,3.72,3.83,3.78,3.83,3.83,3.83,3.67,3.78,3.94,3.94,3.78,3.61,3.72,3.67
201720,6995,1,32,16,50%,3.38,3.38,3.19,3.50,3.13,3.44,3.50,3.00,2.60,3.63,3.38,3.31,3.13,3.00,3.19
201310,6995,1,30,14,47%,3.43,2.57,2.29,2.55,3.07,3.21,2.43,2.83,2.29,3.07,2.71,2.36,2.43,2.29,2.14
201320,6995,1,19,6,32%,3.20,3.33,3.17,3.33,3.17,3.00,2.83,3.25,2.83,3.00,3.20,3.20,3.00,2.80,2.60
201410,6995,1,29,11,38%,3.64,3.45,3.18,3.27,3.64,3.64,3.45,3.29,2.91,3.55,3.64,3.36,3.36,3.27,3.64
201420,6995,1,33,13,39%,2.77,2.54,2.69,3.00,3.23,2.69,2.69,3.40,2.31,3.00,2.92,2.62,2.64,2.55,2.91
201510,6995,1,32,8,25%,3.00,2.38,2.75,3.00,3.00,3.13,3.00,3.00,2.13,3.50,2.63,2.88,2.25,2.13,2.63
201610,6995,1,29,13,45%,3.45,3.36,3.36,3.36,3.27,3.27,3.18,2.67,2.91,3.36,3.27,3.00,3.27,3.09,3.36
201620,6995,1,31,8,26%,3.38,3.00,3.25,3.13,3.00,3.38,3.38,3.40,2.57,3.13,3.00,3.00,3.13,3.00,3.13
201710,6995,1,28,12,43%,3.33,3.25,3.08,3.42,3.33,3.45,3.42,2.80,2.92,3.67,3.33,3.33,3.42,3.50,3.42
201810,6995,1,27,11,41%,3.40,3.36,3.00,3.36,3.36,3.55,3.45,2.75,3.18,3.45,3.27,3.64,3.00,3.27,3.45
201520,6995,1,31,9,29%,3.56,3.56,3.44,3.56,3.33,3.44,3.44,3.75,3.00,3.56,3.56,3.56,3.56,2.78,3.44
201510,6987,1,31,8,26%,3.00,3.13,3.50,2.88,3.13,3.25,3.38,3.33,2.88,3.50,3.25,3.13,3.00,3.38,3.38
201310,6987,1,23,13,57%,2.85,3.00,3.23,3.23,3.15,3.23,3.08,3.00,3.08,3.31,3.31,3.31,3.08,2.92,3.23
201320,6987,1,25,11,44%,2.64,2.64,3.18,2.82,2.82,3.18,3.30,2.25,2.55,2.91,3.18,2.55,2.82,2.82,3.00
201410,6987,1,27,14,52%,3.14,3.08,3.21,3.29,3.14,3.36,3.07,2.13,2.50,3.36,3.14,2.93,3.15,2.93,3.00
201420,6987,1,27,13,48%,3.46,3.15,3.46,3.38,3.54,3.08,3.38,2.75,3.23,3.62,3.46,3.31,3.25,3.33,3.50
201720,6987,1,33,16,48%,3.19,3.44,3.63,3.31,3.56,3.63,3.56,3.36,3.19,3.56,3.44,3.44,3.31,3.50,3.44
201510,6987,1,32,16,50%,3.63,3.50,3.44,3.31,3.13,3.44,3.38,3.00,3.19,3.56,3.56,3.31,3.44,3.50,3.44
201520,6987,1,29,9,31%,2.89,3.11,3.33,2.89,3.33,3.44,3.11,3.67,2.67,3.44,3.22,3.22,2.89,3.00,3.44
201610,6987,1,27,8,30%,2.50,2.38,2.50,2.63,2.50,3.00,2.50,1.75,2.13,3.13,3.00,2.25,2.50,2.50,3.00
201620,6987,1,31,12,39%,3.50,3.00,3.25,3.25,3.00,3.36,3.17,3.50,2.92,3.50,3.33,3.00,3.08,3.00,3.33
201710,6987,1,30,13,43%,3.31,3.15,3.38,3.31,3.31,3.23,3.46,3.00,3.23,3.62,3.62,3.38,3.38,3.62,3.46
201810,6987,1,30,14,47%,3.57,3.50,3.64,3.64,3.36,3.50,3.43,2.55,3.36,3.57,3.50,3.29,3.43,3.29,3.71
201320,6553,2,28,14,50%,3.62,3.64,3.79,3.62,3.86,3.57,3.64,3.67,3.50,3.79,3.21,3.64,3.50,3.21,3.43
201320,6553,2,30,14,47%,3.38,3.69,3.92,3.85,3.85,3.92,3.85,3.70,3.54,3.77,3.62,3.69,3.62,3.62,3.69
201810,2132,2,32,29,91%,3.59,3.35,3.52,3.45,3.69,3.46,3.35,3.53,3.10,3.69,3.10,3.48,3.10,3.10,3.07
201810,2132,2,32,25,78%,3.48,3.28,3.76,3.52,3.72,3.72,3.68,3.67,3.40,3.68,3.56,3.48,3.24,3.44,3.32
201520,2132,2,33,33,100%,3.50,3.53,3.69,3.63,3.69,3.56,3.61,3.59,3.45,3.73,3.58,3.61,3.48,3.16,3.45
201410,2132,2,27,24,89%,3.71,3.54,3.58,3.58,3.71,3.67,3.38,3.62,3.25,3.71,3.50,3.67,3.52,3.21,3.30
201420,2132,2,30,25,83%,3.64,3.48,3.56,3.24,3.52,3.60,3.52,3.80,3.40,3.76,3.44,3.60,3.00,4.00,4.00
201510,2132,2,27,22,81%,3.41,3.38,3.50,3.41,3.45,3.50,3.32,3.69,3.27,3.68,3.59,3.55,3.32,3.32,3.36
201710,2132,2,25,22,88%,3.48,3.24,3.32,3.45,3.64,3.36,3.23,3.67,3.27,3.59,3.05,3.23,3.09,2.68,2.86
201720,2132,2,24,21,88%,3.81,3.71,3.95,3.81,4.00,3.81,3.81,3.83,3.71,3.86,3.86,3.90,3.57,3.57,3.71
201410,2132,2,23,21,91%,3.62,3.43,3.57,3.52,3.38,3.48,3.38,3.53,3.29,3.48,3.29,3.33,3.14,3.10,3.19
201420,2132,2,25,20,80%,3.60,3.25,3.75,3.65,3.65,3.60,3.60,3.73,3.45,3.90,3.65,3.55,3.44,3.50,3.33
201510,2132,2,29,19,66%,3.58,3.42,3.58,3.58,3.47,3.58,3.53,3.77,3.32,3.63,3.42,3.47,3.47,3.32,3.37
201710,2132,2,25,22,88%,3.73,3.68,3.73,3.68,3.68,3.64,3.64,3.63,3.36,3.77,3.55,3.64,3.50,3.27,3.45
201720,2132,2,24,21,88%,3.71,3.67,3.76,3.52,3.86,3.81,3.67,3.60,3.81,3.95,3.86,3.81,3.57,3.57,3.62
201610,2132,2,24,23,96%,3.65,3.35,3.61,3.43,3.70,3.65,3.43,3.44,3.17,3.70,3.22,3.39,3.13,2.91,3.26
201610,2132,2,27,20,74%,3.30,3.25,3.40,3.30,3.55,3.65,3.35,3.54,3.10,3.70,3.55,3.55,3.40,3.15,3.20
201810,5874,3,25,8,32%,3.75,3.50,3.13,4.00,3.63,3.38,3.25,3.67,3.00,3.88,3.50,3.75,3.50,3.50,3.38
201810,5874,3,20,13,65%,3.77,3.38,2.92,3.62,3.69,3.23,2.92,3.43,3.15,3.38,3.38,3.46,3.23,2.46,3.15
201410,5874,1,31,17,55%,3.88,3.82,3.59,3.71,3.88,3.35,3.12,3.27,3.23,3.29,3.53,3.41,3.59,3.23,3.35
201520,5874,1,36,23,64%,3.78,3.35,3.13,3.43,3.74,2.83,2.74,3.18,2.78,3.26,3.30,3.39,3.09,2.83,3.22
201520,5874,1,36,28,78%,3.61,3.43,3.36,3.44,3.64,2.96,2.89,3.28,2.89,3.11,3.32,2.93,3.25,2.71,2.96
201510,5874,1,33,9,27%,3.67,3.44,3.89,3.44,3.89,3.33,2.89,3.43,3.33,3.00,3.11,3.44,2.89,2.78,3.00
201510,5874,1,34,13,38%,3.77,3.38,3.54,3.38,3.85,3.23,3.08,3.00,3.31,3.54,3.69,3.54,3.46,3.38,3.23
201310,5874,3,13,8,62%,3.88,3.88,3.75,3.38,4.00,3.75,3.88,3.38,3.71,3.63,3.63,3.63,3.75,3.38,3.50
201320,5874,3,25,4,16%,3.75,3.75,3.75,3.50,3.75,3.75,3.75,2.75,3.50,4.00,4.00,4.00,4.00,4.00,4.00
201410,5874,3,27,12,44%,3.67,3.17,3.42,3.33,3.50,2.83,2.75,3.30,2.67,3.17,3.17,3.00,3.25,2.83,2.83
201420,5874,3,32,20,63%,3.65,3.20,3.15,3.45,3.75,2.95,2.60,3.31,2.20,2.95,3.10,2.90,3.22,2.67,2.89
201710,5874,3,29,15,52%,4.00,3.47,3.73,3.73,3.93,3.20,3.27,3.30,3.27,3.60,3.47,3.53,3.60,2.53,3.00
201310,5874,3,27,13,48%,3.92,3.85,3.92,3.77,3.92,3.77,3.69,3.75,3.69,3.85,3.85,3.85,3.92,3.46,3.62
201320,5874,3,28,11,39%,3.55,3.64,3.82,3.55,3.91,3.55,3.36,3.78,3.09,3.55,3.55,3.64,3.36,3.36,3.55
201410,5874,3,23,9,39%,4.00,3.78,3.78,3.89,3.89,3.44,3.11,3.75,3.67,3.56,3.44,3.56,3.78,3.56,3.22
201620,5874,3,22,4,18%,4.00,4.00,4.00,4.00,4.00,3.50,3.00,4.00,3.75,4.00,4.00,4.00,4.00,3.75,3.50
201520,5874,3,28,18,64%,3.83,3.78,3.67,3.72,3.72,3.17,3.22,3.31,3.11,3.44,3.39,3.33,3.39,3.11,3.22
201610,5874,3,21,13,62%,3.92,3.92,3.85,3.85,3.85,3.54,3.54,3.20,3.69,3.69,3.62,3.69,3.77,3.38,3.54
201620,5874,3,27,9,33%,3.78,3.78,3.44,3.67,3.67,3.44,3.00,3.56,3.00,3.44,3.67,3.78,3.33,2.89,3.11
201610,5874,4,22,17,77%,3.65,3.65,3.18,3.56,3.59,3.00,2.94,3.47,3.12,3.29,3.18,3.23,3.47,3.13,3.59
201620,5874,4,25,12,48%,3.92,3.50,3.08,3.55,3.75,3.25,2.50,3.64,3.00,3.25,3.75,3.58,3.58,3.17,3.50
201710,5874,4,24,10,42%,3.90,3.80,3.70,3.78,3.90,3.90,3.60,3.80,3.70,3.70,3.70,3.70,3.80,3.80,3.80
201720,5874,4,23,22,96%,3.91,3.82,3.73,3.55,3.95,3.55,3.45,3.90,3.57,3.82,3.81,3.77,3.77,3.41,3.73
201810,5874,4,11,10,91%,3.40,2.60,2.30,3.00,3.60,3.20,2.10,3.11,2.33,3.30,3.30,3.10,2.60,2.50,2.70
201720,5874,4,21,21,100%,3.81,3.81,3.62,3.65,3.90,3.62,3.48,3.70,3.48,3.76,3.71,3.67,3.86,3.48,3.57
201420,5874,4,40,4,10%,3.75,3.75,2.75,3.50,3.50,3.67,3.50,3.50,3.50,3.75,3.50,3.50,0.00,0.00,0.00
201420,5874,4,21,8,38%,3.88,3.88,3.75,3.38,3.88,3.88,3.75,3.67,3.75,3.88,3.75,3.75,3.83,3.67,3.67
201420,5874,4,40,3,8%,4.00,4.00,3.67,3.67,4.00,4.00,4.00,4.00,3.67,4.00,4.00,4.00,0.00,0.00,0.00
201420,5874,4,21,8,38%,4.00,3.88,3.75,3.75,3.88,3.50,3.38,3.83,3.63,3.50,3.63,3.88,3.67,3.50,3.67
201410,7691,1,31,7,23%,3.71,3.43,3.71,3.43,3.43,3.29,3.29,3.67,3.14,3.43,3.43,3.43,3.43,3.71,3.71
201510,7691,2,27,15,56%,3.33,3.00,3.33,3.53,3.47,3.50,3.27,3.44,3.21,3.47,3.07,3.53,3.20,2.80,3.13
201510,7691,2,30,12,40%,3.00,2.73,3.00,3.36,3.18,3.20,2.55,3.83,2.73,3.36,2.91,3.09,2.82,2.55,2.55
201520,7691,2,29,21,72%,3.57,3.29,3.71,3.43,3.57,3.71,3.57,3.75,3.50,3.71,3.57,3.71,3.43,3.24,3.45
201310,7691,2,26,13,50%,3.62,3.54,3.62,3.38,3.54,3.46,3.38,3.56,3.46,3.85,3.69,3.69,3.69,3.54,3.62
201520,7691,2,32,30,94%,3.60,3.30,3.60,3.57,3.53,3.60,3.43,3.40,3.31,3.77,3.40,3.47,3.37,3.40,3.43
201310,7691,2,20,14,70%,3.43,3.43,3.57,3.57,3.43,3.57,3.50,3.75,3.50,3.71,3.50,3.57,3.57,3.21,3.57
201520,7691,2,34,22,65%,3.50,3.55,3.73,3.64,3.73,3.71,3.68,3.53,3.36,3.82,3.73,3.77,3.41,3.55,3.50
201310,3288,3,23,16,70%,3.19,3.13,3.63,3.31,3.81,3.63,3.56,3.67,3.33,3.69,3.69,3.56,3.13,3.38,3.19
201320,3288,3,27,15,56%,3.45,3.45,3.64,3.45,3.64,4.00,3.73,3.40,3.60,3.80,3.71,3.67,3.47,3.47,3.47
201620,3288,3,14,4,29%,3.75,3.75,3.75,3.75,3.75,4.00,4.00,4.00,4.00,4.00,4.00,3.75,3.75,4.00,3.75
201720,3288,3,15,1,7%,4.00,4.00,4.00,4.00,4.00,4.00,4.00,4.00,4.00,4.00,4.00,4.00,4.00,4.00,4.00
201510,3288,3,21,6,29%,3.80,4.00,4.00,4.00,4.00,3.67,3.80,3.67,3.60,4.00,4.00,3.80,3.80,4.00,3.80
201610,3288,3,13,5,38%,3.75,3.80,4.00,4.00,4.00,3.50,3.80,4.00,3.80,4.00,3.60,3.80,3.80,3.80,3.80
201710,3288,3,15,5,33%,3.60,3.20,3.20,3.75,3.20,3.00,3.00,0.00,3.40,3.20,3.25,3.40,2.80,3.40,3.60
201810,3288,3,18,8,44%,3.75,3.88,3.71,4.00,3.25,3.00,3.38,3.33,3.38,3.25,3.33,3.38,3.50,3.13,3.43
201520,3673,1,34,10,29%,3.50,3.40,3.70,3.00,3.80,3.40,3.60,3.67,3.80,3.60,3.60,3.70,3.10,3.20,3.50
201620,3673,1,32,13,41%,3.31,3.31,3.23,3.15,3.54,3.38,3.15,3.50,3.08,3.38,3.38,3.38,3.08,3.54,3.46
201520,3673,1,20,9,45%,3.22,2.89,3.33,3.11,3.89,3.33,3.11,3.67,3.44,3.67,3.56,3.44,3.00,3.33,3.44
201610,3673,1,30,10,33%,3.67,3.78,3.67,3.33,3.56,3.56,3.56,3.57,3.44,3.56,3.56,3.44,3.22,3.33,3.44
201620,3673,1,34,11,32%,3.36,3.27,3.55,3.36,3.73,3.82,3.64,3.33,3.09,3.55,3.45,3.45,3.36,3.36,3.36
201710,3673,2,31,9,29%,3.33,3.22,3.11,3.11,3.44,3.44,3.44,3.33,3.56,3.56,3.56,3.56,3.33,3.56,3.44
201720,3673,2,30,6,20%,3.00,3.00,3.33,3.17,3.33,3.00,3.17,3.75,3.00,3.33,3.67,3.33,3.17,2.83,3.00
201810,3673,2,32,18,56%,3.33,2.78,2.39,2.72,3.39,3.28,2.94,2.91,2.28,3.11,3.33,2.78,2.50,2.50,3.17
201610,3673,2,31,17,55%,3.06,2.94,2.81,2.63,3.31,3.44,2.88,3.25,2.81,3.56,3.50,3.19,2.75,2.80,3.25
201620,3673,2,32,17,53%,2.35,1.53,1.18,1.94,3.00,2.94,1.94,1.83,1.24,2.65,2.59,2.18,1.65,1.47,2.06
201710,3673,2,32,15,47%,3.27,3.13,3.00,3.07,3.40,3.40,3.13,3.50,3.13,3.60,3.40,3.53,3.07,3.20,3.33
201720,3673,2,33,9,27%,3.22,2.56,2.44,3.00,3.33,2.67,2.44,3.25,2.75,2.67,3.44,3.00,2.44,2.33,2.56
201810,3673,2,34,8,24%,3.63,3.38,3.25,3.25,3.75,3.38,3.25,3.83,3.25,3.50,3.63,3.63,3.13,3.50,3.38
201520,3673,2,25,12,48%,2.92,2.67,3.00,2.67,3.75,3.25,3.08,3.83,2.83,3.33,3.58,3.50,3.00,3.00,3.33
201610,3673,2,32,15,47%,3.20,3.33,3.20,2.93,3.67,3.53,2.93,3.40,3.00,3.47,3.47,3.40,3.13,3.20,3.53
201620,3673,2,29,9,31%,3.33,2.67,2.33,2.67,3.22,3.33,2.89,2.50,2.44,3.33,3.22,3.11,2.67,2.67,3.22
201710,3673,2,31,13,42%,3.00,2.85,2.85,2.92,3.54,3.54,2.77,3.30,3.15,3.54,3.31,3.15,2.77,3.00,3.31
201720,3673,2,31,14,45%,2.71,2.43,2.07,2.23,3.29,2.57,2.00,2.63,2.14,2.71,3.00,2.71,2.50,2.71,2.46
201810,3673,2,34,9,26%,3.67,3.44,3.44,3.11,3.67,3.67,3.56,3.50,3.44,3.67,3.56,3.56,3.56,3.67,3.67
201520,3673,2,24,12,50%,3.09,3.09,3.45,3.18,3.82,3.82,3.45,3.67,3.27,3.73,3.73,3.73,3.18,3.55,3.73
201610,3673,2,31,14,45%,3.21,3.29,3.36,3.29,3.50,3.43,3.29,3.36,3.29,3.57,3.50,3.57,3.29,3.36,3.21
201710,3673,2,31,13,42%,3.46,3.23,3.31,3.23,3.62,3.31,3.38,3.57,3.08,3.62,3.62,3.54,3.31,3.15,3.54
201720,3673,2,31,7,23%,3.29,3.14,3.29,3.17,3.71,3.43,3.29,3.67,3.00,3.43,3.29,3.29,3.00,3.29,3.29
201810,3673,2,33,13,39%,3.15,2.77,2.69,2.92,3.54,2.85,2.69,2.67,2.31,2.69,3.23,3.00,2.46,2.08,2.62
201310,5219,2,34,23,68%,3.64,3.45,3.73,3.64,3.86,3.50,3.55,3.50,3.67,3.77,3.73,3.73,3.50,3.64,3.68
201310,5219,2,32,14,44%,3.64,3.36,3.86,3.57,3.86,3.71,3.57,3.90,3.36,3.93,3.64,3.43,3.14,3.21,3.57
201310,3168,3,30,15,50%,3.40,3.40,3.67,3.47,3.73,3.47,3.47,3.25,3.40,3.60,3.60,3.40,3.27,3.53,3.47
201320,3168,3,30,20,67%,3.45,3.50,3.60,3.50,3.75,3.50,3.45,3.18,3.50,3.65,3.35,3.40,3.40,3.60,3.45
201410,3168,3,24,15,63%,3.67,3.67,3.73,3.67,4.00,4.00,4.00,3.67,3.67,3.93,3.93,3.93,3.60,3.60,3.67
201420,3168,3,32,16,50%,3.31,3.13,3.88,3.75,3.88,3.69,3.75,3.64,3.33,3.75,3.69,3.56,3.27,3.36,3.45
201510,3168,3,33,11,33%,3.64,3.55,3.64,3.45,3.73,3.36,3.36,3.50,3.27,3.45,3.55,3.64,3.36,3.45,3.45
201610,3168,3,27,12,44%,3.17,2.50,3.17,2.83,3.58,3.00,3.08,2.57,2.50,3.08,3.25,3.00,2.25,2.42,2.75
201710,3168,3,32,14,44%,3.64,3.79,3.79,3.43,3.86,3.43,3.57,3.82,3.50,3.43,3.43,3.43,3.50,3.64,3.71
201720,3168,3,33,15,45%,3.80,3.73,3.93,3.87,3.87,3.73,3.87,3.83,3.73,3.93,3.93,3.93,3.80,3.73,3.80
201810,3168,3,28,14,50%,3.79,3.86,3.86,3.86,3.93,3.86,3.93,3.69,3.93,3.93,3.86,3.93,3.86,3.79,3.93
201810,3168,3,27,16,59%,3.56,3.63,3.94,3.75,3.94,3.81,3.81,3.79,3.94,3.94,3.88,3.81,3.63,3.81,3.94
201710,5403,3,20,18,90%,3.50,3.67,3.72,3.59,3.89,4.00,3.72,3.79,3.82,3.94,4.00,3.89,3.61,3.61,3.72
201720,5403,3,35,11,31%,3.45,3.64,3.18,3.27,3.82,3.82,3.73,3.80,3.64,3.91,3.91,3.73,3.64,3.64,3.55
201310,5403,3,35,31,89%,3.64,3.61,3.71,3.48,3.84,3.84,3.77,3.58,3.81,3.81,3.68,3.61,3.42,3.64,3.58
201320,5403,3,32,25,78%,3.64,3.72,3.84,3.72,3.96,4.00,3.96,4.00,3.96,3.96,3.88,3.88,3.64,3.72,3.72
201410,5403,3,29,27,93%,3.56,3.78,3.70,3.56,3.89,3.89,3.70,3.92,3.81,3.89,3.93,3.85,3.70,3.85,3.70
201420,5403,3,32,19,59%,3.42,3.58,3.79,3.44,3.84,3.79,3.79,3.78,3.58,3.89,3.95,3.95,3.69,3.63,3.81
201510,5403,3,28,23,82%,3.61,3.74,3.87,3.70,3.91,3.96,3.87,3.89,3.90,4.00,4.00,3.96,3.78,3.91,3.74
201520,5403,3,27,25,93%,3.48,3.64,3.76,3.44,3.84,3.76,3.76,3.69,3.88,3.84,3.80,3.76,3.52,3.48,3.60
201610,5403,3,28,27,96%,3.67,3.78,3.82,3.59,3.82,3.89,3.82,3.76,3.85,3.93,3.93,3.89,3.78,3.85,3.74
201620,5403,3,28,14,50%,3.54,3.62,3.54,3.62,3.85,3.77,3.69,3.43,3.46,3.85,3.69,3.38,3.54,3.54,3.54
201710,5403,3,21,16,76%,3.38,3.50,3.44,3.50,3.75,3.69,3.50,3.70,3.63,3.81,3.81,3.69,3.38,3.50,3.44
201410,5403,3,26,20,77%,3.50,3.55,3.95,3.60,3.90,3.80,3.85,3.75,3.60,3.80,3.80,3.70,3.50,3.65,3.70
201420,5403,3,31,22,71%,2.95,3.09,3.41,3.23,3.64,3.50,3.36,3.33,3.23,3.73,3.59,3.68,3.19,3.05,3.05
201510,5403,3,24,22,92%,3.64,3.73,3.82,3.55,3.86,3.86,3.68,3.69,3.77,3.91,4.00,3.73,3.55,3.73,3.73
201520,5403,3,29,22,76%,3.36,3.68,3.73,3.55,3.73,3.77,3.77,3.83,3.86,3.86,3.68,3.82,3.50,3.41,3.45
201610,5403,3,29,22,76%,3.55,3.64,3.73,3.36,3.86,3.82,3.59,3.69,3.77,3.90,3.82,3.73,3.38,3.64,3.55
201620,5403,3,23,15,65%,3.67,3.60,3.67,3.60,3.73,3.93,3.67,3.67,3.67,3.93,3.87,3.73,3.53,3.73,3.67
201320,5403,4,22,13,59%,3.77,3.77,3.62,3.50,3.85,3.92,3.85,3.92,3.85,4.00,3.92,3.92,3.77,3.77,3.77
201810,5403,4,16,14,88%,3.71,3.86,3.64,3.64,3.93,3.93,3.86,4.00,3.86,4.00,4.00,4.00,3.86,3.93,4.00
201520,5403,4,32,19,59%,3.37,3.53,3.37,3.39,3.68,3.74,3.68,3.69,3.68,3.84,3.63,3.68,3.47,3.53,3.47
201620,5403,4,25,10,40%,3.60,3.70,3.50,3.50,3.80,3.80,3.80,3.80,3.78,3.89,3.78,3.89,3.78,3.67,3.67
201720,5403,4,27,8,30%,3.88,3.88,3.50,3.83,3.75,3.88,3.88,3.80,4.00,4.00,4.00,3.75,3.75,3.50,3.71
201810,5403,4,16,13,81%,3.77,3.85,3.77,3.62,4.00,3.92,3.85,3.90,3.77,3.92,3.92,3.85,3.62,3.62,3.85
201310,3034,1,34,18,53%,3.17,2.89,2.94,3.17,3.78,3.67,3.50,3.36,2.88,3.56,3.28,3.33,2.94,2.83,2.83
201320,3034,1,35,13,37%,3.08,3.08,2.67,3.20,3.58,3.42,3.25,3.78,3.00,3.92,3.83,3.67,3.17,2.75,3.00
201420,3034,1,34,17,50%,3.47,3.29,3.23,3.12,3.77,3.82,3.47,3.55,3.47,3.82,3.59,3.65,3.57,3.57,3.50
201510,3034,1,36,18,50%,3.18,3.29,3.23,3.18,3.82,3.59,3.47,3.58,3.44,3.82,3.59,3.77,3.47,3.59,3.53
201520,3034,1,35,7,20%,3.14,3.00,3.00,2.71,3.71,3.43,3.29,3.75,3.00,3.71,3.29,3.29,3.00,3.00,3.29
201420,3034,1,34,16,47%,3.38,3.44,3.38,3.20,3.69,3.81,3.81,3.83,3.53,3.81,3.69,3.75,3.38,3.31,3.46
201510,3034,1,35,14,40%,3.29,3.07,3.00,3.33,3.50,3.71,3.64,3.64,3.23,3.93,3.71,3.64,3.23,3.36,3.36
201520,3034,1,35,11,31%,3.10,3.30,3.30,3.22,3.60,3.60,3.60,4.00,3.50,3.80,3.40,3.90,3.30,3.50,3.30
201310,3034,1,37,20,54%,2.80,2.80,2.60,2.55,3.68,3.55,3.20,3.69,2.95,3.65,3.55,3.30,2.85,2.90,2.90
201410,3034,1,31,10,32%,3.70,3.70,3.60,3.50,3.90,3.80,3.70,3.63,3.80,3.80,3.90,3.90,3.80,3.70,3.70
201420,3034,1,35,15,43%,3.13,3.27,2.53,3.27,3.80,3.87,3.80,3.90,3.20,3.87,3.53,3.67,2.92,3.33,3.25
201510,3034,1,36,14,39%,3.43,3.43,3.43,3.62,3.86,3.79,3.79,3.83,3.38,3.93,3.77,3.64,3.36,3.46,3.14
201520,3034,1,35,12,34%,3.25,3.58,3.17,3.08,3.75,3.75,3.75,3.55,3.50,3.75,3.67,3.92,3.33,3.67,3.67
201320,3034,1,32,13,41%,3.23,3.38,3.15,3.38,3.69,3.77,3.69,3.67,3.31,3.69,3.62,3.62,3.31,3.23,3.38
201410,3034,1,32,14,44%,3.21,3.14,3.36,2.93,3.71,3.64,3.57,3.50,3.29,3.79,3.57,3.79,3.50,3.50,3.57
201420,3034,1,35,18,51%,3.50,3.61,3.22,3.33,3.78,3.78,3.72,3.77,3.50,3.83,3.78,3.89,3.56,3.56,3.50
201320,3034,1,33,12,36%,3.00,2.83,2.92,2.92,3.42,3.58,3.42,3.30,2.83,3.67,3.58,3.58,2.92,2.92,2.83
201320,3034,1,33,18,55%,3.11,3.28,3.22,3.18,3.67,3.56,3.44,3.60,3.33,3.89,3.83,3.67,3.23,3.39,3.39
201310,3034,1,35,18,51%,3.44,3.50,3.44,3.56,3.61,3.67,3.56,3.77,3.50,3.78,3.56,3.67,3.39,3.44,3.44
201510,3034,1,31,16,52%,3.47,3.27,3.47,3.53,3.80,3.60,3.67,3.71,3.47,3.80,3.73,3.73,3.47,3.60,3.47
201520,3034,1,35,9,26%,3.11,3.00,3.33,3.00,3.44,3.56,3.56,3.75,3.11,3.56,3.44,3.44,3.00,3.00,3.00
201310,6979,3,29,21,72%,3.76,3.71,3.86,3.62,3.86,3.71,3.71,3.50,3.62,3.81,3.76,3.67,3.62,3.71,3.67
201410,6979,3,33,16,48%,3.63,3.06,3.69,3.38,3.56,3.63,3.56,3.70,3.31,3.69,3.69,3.56,3.25,3.13,3.44
201420,6979,3,34,34,100%,3.71,3.59,3.68,3.45,3.53,3.44,3.44,3.50,3.06,3.56,3.50,3.38,3.38,3.34,3.53
201510,6979,3,28,12,43%,3.58,3.58,3.33,3.75,3.42,3.75,3.58,3.71,3.42,3.42,3.50,3.50,3.67,3.50,3.58
201520,6979,3,32,11,34%,3.73,3.45,3.73,3.82,3.73,3.73,3.73,3.40,3.36,3.45,3.64,3.55,3.36,3.36,3.55
201610,6979,3,35,16,46%,3.69,3.56,3.69,3.69,3.56,3.31,3.38,3.60,3.27,3.56,3.50,3.25,3.50,3.50,3.56
201620,6979,3,37,18,49%,3.78,3.72,3.83,3.72,3.78,3.67,3.72,3.64,3.50,3.78,3.72,3.67,3.50,3.67,3.56
201310,6979,3,32,23,72%,3.78,3.74,3.91,3.91,4.00,3.91,3.78,3.81,3.83,3.96,3.87,3.78,3.70,3.74,3.70
201410,6979,3,34,12,35%,3.92,3.67,3.83,3.42,3.92,4.00,3.75,4.00,3.50,3.92,3.83,3.75,3.58,3.25,3.50
201510,6979,3,33,18,55%,3.78,3.78,3.94,3.78,4.00,3.89,3.89,3.92,3.89,3.94,3.94,3.78,3.61,3.67,3.72
201610,6979,3,35,16,46%,3.75,3.44,3.94,3.44,3.88,3.56,3.75,3.64,3.50,3.63,3.56,3.38,3.38,3.38,3.50
201810,5746,3,18,17,94%,3.53,3.53,3.65,3.53,3.65,3.53,3.53,3.71,3.35,3.59,3.59,3.47,3.35,3.18,3.41
201810,5746,3,15,15,100%,3.73,3.80,3.80,3.53,3.60,3.40,3.53,3.75,3.47,3.71,3.53,3.53,3.73,3.53,3.40
201310,9330,1,32,32,100%,3.19,2.59,2.94,3.31,3.16,3.13,3.00,3.52,2.84,3.25,3.25,3.16,2.41,2.63,3.06
201310,9330,1,32,32,100%,3.44,3.34,3.59,3.31,3.63,3.63,3.63,3.71,3.56,3.75,3.66,3.66,3.28,3.38,3.50
201320,9330,1,22,22,100%,3.09,3.23,3.23,3.14,3.41,3.59,3.45,3.56,3.18,3.59,3.41,3.32,3.05,2.95,3.23
201320,9330,1,31,31,100%,3.45,3.29,3.42,3.39,3.55,3.64,3.39,3.64,3.23,3.61,3.57,3.48,3.29,3.42,3.53
201810,9330,1,30,14,47%,3.50,3.43,3.79,3.36,3.64,3.71,3.57,3.60,3.07,3.57,3.64,3.50,3.00,3.07,3.31
201810,9330,1,29,27,93%,3.52,3.07,3.15,3.15,3.52,3.56,3.37,3.50,3.00,3.59,3.41,3.44,3.04,2.96,3.26
201810,9330,1,25,20,80%,3.30,3.25,3.35,3.30,3.50,3.40,3.30,3.50,3.15,3.55,3.45,3.40,3.45,3.50,3.45
201320,9330,2,26,26,100%,3.38,3.46,3.62,3.38,3.81,3.73,3.54,3.71,3.36,3.81,3.77,3.69,3.38,3.46,3.69
201310,9330,2,32,32,100%,3.38,3.00,3.28,3.06,3.41,3.09,2.97,3.45,3.00,3.13,3.31,3.25,2.87,3.06,3.38
201320,9330,2,31,31,100%,3.37,3.27,3.50,3.27,3.63,3.63,3.57,3.65,3.46,3.73,3.77,3.47,3.13,3.33,3.43
201310,9330,2,31,29,94%,3.07,2.97,3.28,3.03,3.39,3.21,3.03,3.14,2.82,3.38,3.45,3.17,2.65,3.00,3.31
201510,9547,3,30,27,90%,3.48,3.33,3.70,3.41,3.52,3.78,3.59,3.50,3.15,3.85,3.82,3.63,3.44,3.26,3.33
201520,9547,3,28,25,89%,3.36,3.36,3.64,3.63,3.56,3.44,3.00,3.50,3.12,3.60,3.72,3.48,3.20,3.04,3.20
201610,9547,3,27,22,81%,3.41,2.91,3.23,3.05,3.14,2.86,2.27,3.47,2.48,3.23,3.23,3.05,3.14,2.59,2.86
201620,9547,3,22,17,77%,3.71,3.71,3.82,3.53,3.88,3.82,3.59,3.73,3.77,3.88,3.82,3.82,3.71,3.71,3.47
201720,9547,3,16,12,75%,3.83,3.83,4.00,3.92,3.92,4.00,4.00,3.89,3.92,4.00,4.00,4.00,3.92,3.92,3.92
201810,9547,3,29,28,97%,3.86,3.71,3.82,3.71,3.79,3.71,3.57,3.77,3.44,3.93,3.85,3.67,3.78,3.56,3.59
201510,9547,3,30,26,87%,3.31,3.15,3.50,3.12,3.54,3.77,3.31,3.61,3.08,3.73,3.69,3.54,3.15,2.96,3.12
201520,9547,3,28,24,86%,3.46,3.13,3.38,3.08,3.42,3.42,3.29,3.53,2.75,3.79,3.58,3.46,2.88,2.46,3.13
201610,9547,3,24,23,96%,3.39,3.26,3.74,3.17,3.52,3.65,3.09,3.75,3.09,3.87,3.65,3.52,3.09,2.91,3.17
201720,9547,3,24,21,88%,3.81,3.86,3.90,3.90,3.95,3.95,3.86,4.00,3.67,3.95,4.00,3.95,3.81,3.71,3.76
201810,9547,3,24,23,96%,3.39,3.35,3.70,3.57,3.59,3.61,3.13,3.81,3.17,3.70,3.70,3.48,3.17,3.17,3.39
201310,4432,2,29,21,72%,3.81,3.76,3.62,3.62,3.76,3.52,3.29,3.71,3.30,3.71,3.67,3.38,3.29,3.38,3.38
201320,4432,2,30,23,77%,3.61,3.43,3.48,3.40,3.52,3.35,3.09,3.43,3.26,3.22,3.39,3.35,3.27,3.22,3.43
201310,4432,2,31,24,77%,3.79,3.71,3.75,3.58,3.92,3.58,2.79,3.79,3.59,3.71,3.83,3.67,3.29,3.42,3.67
201420,4432,2,32,19,59%,3.84,3.79,3.74,3.37,3.74,3.56,3.37,3.63,3.47,3.68,3.79,3.74,3.38,3.23,3.31
201410,4432,2,30,17,57%,3.94,3.88,3.77,3.88,3.94,3.88,3.82,3.75,3.82,3.94,3.77,3.88,3.77,3.77,3.65
201420,4432,2,30,15,50%,3.87,3.80,3.80,3.67,3.87,3.53,3.33,3.53,3.40,3.80,3.73,3.80,3.69,3.54,3.62
201610,7679,2,28,16,57%,3.31,2.81,3.63,3.13,3.31,3.56,3.44,3.50,3.00,3.44,3.38,3.38,3.00,2.81,3.06
201620,7679,2,32,15,47%,3.67,3.47,3.73,3.73,3.67,3.80,3.80,3.67,3.07,3.73,3.67,3.47,3.27,2.93,3.33
201710,7679,2,28,28,100%,3.39,3.11,3.61,3.32,3.36,3.43,3.46,3.47,2.93,3.68,3.32,3.52,3.00,2.86,3.36
201720,7679,2,29,23,79%,3.61,3.39,3.64,3.39,3.32,3.52,3.48,3.75,3.17,3.65,3.39,3.57,2.95,2.74,3.26
201810,7679,2,29,18,62%,3.33,3.06,3.67,3.28,3.28,3.61,3.56,3.64,3.00,3.72,3.28,3.50,3.00,3.06,3.17
201610,7679,2,27,12,44%,3.42,3.17,3.25,3.42,3.25,3.33,3.33,3.22,2.91,3.50,3.33,3.33,2.83,2.83,3.17
201620,7679,2,29,14,48%,3.57,3.29,3.71,3.71,3.79,3.57,3.57,4.00,3.36,3.71,3.50,3.71,3.29,3.14,3.64
201710,7679,2,32,29,91%,3.45,2.97,3.55,3.55,3.24,3.38,3.28,3.75,2.79,3.65,3.10,3.38,2.65,2.62,3.21
201720,7679,2,33,20,61%,3.55,3.30,3.70,3.50,3.50,3.60,3.55,3.58,3.20,3.75,3.70,3.45,3.15,3.10,3.45
201810,7679,2,30,21,70%,3.48,3.48,3.62,3.29,3.62,3.62,3.67,3.64,3.14,3.71,3.62,3.52,2.90,2.71,3.19
201310,8487,2,22,17,77%,3.88,3.77,3.88,3.82,3.88,3.59,3.47,3.67,3.59,3.82,3.71,3.65,3.71,3.53,3.71
201410,8487,2,25,14,56%,3.57,3.64,3.43,3.64,3.79,3.57,3.00,3.46,3.46,3.85,3.62,3.77,3.46,3.15,3.54
201420,8487,2,24,17,71%,3.71,3.47,3.71,3.47,3.71,3.41,3.18,3.33,3.29,3.53,3.41,3.47,3.23,3.12,3.41
201310,8487,2,27,21,78%,3.57,3.43,3.57,3.55,3.76,3.00,3.05,3.13,3.19,3.62,3.19,3.33,3.43,3.14,3.38
201410,8487,2,25,13,52%,3.62,3.77,3.92,3.77,3.92,3.46,3.23,3.50,3.31,3.38,3.38,3.58,3.62,3.31,3.54
201420,8487,2,29,26,90%,3.65,3.08,3.08,3.54,3.23,2.92,2.15,3.22,2.62,2.73,2.88,2.73,2.83,2.91,2.78
201320,8487,2,26,19,73%,3.61,3.78,3.89,3.67,3.89,3.78,3.72,3.85,3.84,3.84,3.74,3.74,3.74,3.74,3.63
201320,8487,2,28,20,71%,3.85,3.85,3.85,3.80,3.90,3.70,3.45,3.73,3.45,3.75,3.50,3.65,3.65,3.35,3.55
201420,8487,2,25,23,92%,3.55,3.52,3.48,3.61,3.35,2.96,2.74,3.06,3.17,2.96,3.13,3.09,3.17,3.17,3.22
201320,6919,1,31,13,42%,3.00,3.08,3.54,3.54,3.31,3.15,3.33,3.75,3.15,3.50,3.08,3.31,3.00,3.23,3.38
201320,6919,1,33,16,48%,3.50,3.13,3.38,3.44,3.31,3.56,3.38,3.60,3.31,3.50,3.25,3.44,3.25,3.19,3.44
201310,6919,1,33,16,48%,3.13,2.94,3.56,3.56,3.44,2.88,3.00,3.55,3.20,3.63,3.00,3.31,2.88,3.13,3.38
201320,6919,1,30,9,30%,3.11,3.11,3.44,3.38,3.33,3.56,3.44,3.67,3.00,3.56,3.33,3.00,2.78,3.22,3.00
201410,6919,1,30,13,43%,3.38,3.08,3.62,3.31,3.38,3.38,3.54,3.20,3.38,3.77,3.54,3.69,3.08,3.08,3.23
201420,6919,1,30,15,50%,3.40,3.07,3.13,3.47,3.33,3.33,3.13,3.50,3.07,3.67,3.20,3.27,3.07,3.07,3.21
201510,6919,1,32,15,47%,3.27,2.93,3.60,3.33,3.40,3.33,3.40,3.75,2.93,3.53,3.07,3.53,2.93,3.07,3.20
201610,6919,1,33,17,52%,3.13,2.75,2.94,2.81,2.81,3.00,3.06,3.55,2.13,3.13,2.63,3.00,2.88,2.81,3.25
201620,6919,1,28,19,68%,2.89,2.58,2.63,3.00,2.63,3.05,2.58,3.08,2.58,2.95,2.79,2.74,2.53,2.58,2.95
201710,6919,1,26,22,85%,3.45,3.05,3.23,3.05,3.14,3.45,3.36,3.22,2.73,3.45,3.14,3.27,2.95,2.73,3.05
201720,6919,1,30,12,40%,3.50,3.50,3.50,3.50,3.42,3.42,3.58,3.44,3.33,3.42,3.33,3.33,3.25,3.25,3.17
201810,6919,1,27,10,37%,2.50,2.40,3.00,3.20,3.30,3.20,3.10,3.00,2.50,3.00,2.30,2.60,2.10,2.00,3.10
201310,6919,1,32,14,44%,2.93,2.93,3.43,3.21,3.07,3.14,3.00,3.09,2.85,3.07,2.79,3.14,2.64,3.00,2.86
201410,6919,1,31,10,32%,3.20,3.10,3.80,3.30,3.60,3.60,3.60,3.71,3.40,3.90,3.30,3.30,2.90,2.80,3.10
201420,6919,1,36,16,44%,3.38,3.25,3.44,3.31,3.38,3.27,3.38,3.58,3.19,3.63,3.31,3.31,3.33,3.53,3.60
201510,6919,1,34,12,35%,3.42,3.42,3.58,3.58,3.33,3.42,3.50,3.38,3.55,3.92,3.67,3.75,3.50,3.67,3.58
201610,6919,1,31,14,45%,2.50,2.00,2.57,2.50,2.00,2.43,2.31,3.44,1.71,2.79,2.43,2.14,2.14,1.93,2.50
201620,6919,1,27,15,56%,3.27,3.27,3.60,3.47,3.27,3.27,3.27,3.50,3.13,3.43,3.27,3.27,3.13,3.20,3.29
201710,6919,1,28,17,61%,3.23,3.12,3.23,2.94,3.06,3.18,3.00,3.29,2.47,3.35,3.00,3.18,3.12,2.77,3.18
201720,6919,1,30,7,23%,3.00,2.71,3.43,3.29,3.14,3.14,3.14,3.67,2.29,3.14,3.00,3.14,2.57,2.86,3.14
201810,6919,1,33,13,39%,3.46,3.38,3.23,3.54,3.46,3.23,3.00,3.22,2.85,3.38,3.23,3.23,3.46,3.38,3.38
201310,6919,1,32,18,56%,3.61,3.50,3.71,3.65,3.65,3.59,3.53,3.57,3.61,3.72,3.67,3.71,3.44,3.56,3.61
201410,6919,1,28,7,25%,3.14,3.14,3.29,3.29,3.14,3.14,3.14,3.29,3.29,3.29,3.14,3.29,3.14,3.29,3.57
201420,6919,1,37,20,54%,3.45,3.40,3.55,3.65,3.55,3.50,3.15,3.33,3.25,3.75,3.45,3.45,3.56,3.44,3.56
201510,6919,1,35,19,54%,3.32,3.26,3.68,3.53,3.37,3.63,3.58,3.69,3.05,3.39,3.33,3.44,3.06,3.22,3.28
201610,6919,1,32,6,19%,3.50,2.83,2.83,3.00,2.83,3.17,3.00,3.75,2.83,3.33,3.17,3.17,2.83,3.17,3.33
201620,6919,1,31,19,61%,3.33,3.06,3.28,3.33,3.50,3.33,3.22,3.60,3.06,3.44,3.50,3.11,3.06,3.17,3.28
201710,6919,1,33,22,67%,3.14,2.77,3.19,2.86,2.77,3.09,2.86,2.93,2.45,3.27,2.77,3.05,2.82,2.73,2.86
201720,6919,1,32,15,47%,3.33,3.20,3.27,3.60,2.93,3.27,3.40,3.57,2.64,3.27,3.07,3.47,3.07,3.13,3.47
201810,6919,1,28,7,25%,3.00,2.57,2.14,3.00,2.29,2.43,2.00,2.60,2.14,3.14,2.67,2.29,2.14,2.00,2.29
201310,6919,1,31,10,32%,3.00,2.80,3.50,3.00,3.50,3.38,3.33,3.43,3.20,3.56,3.11,3.33,2.89,3.10,3.22
201320,6919,1,31,17,55%,3.41,3.35,3.53,3.59,3.59,3.59,3.53,3.63,3.23,3.71,3.59,3.47,3.47,3.47,3.53
201610,4779,2,29,13,45%,3.77,3.62,3.54,3.69,3.69,3.69,3.62,3.43,3.54,3.62,3.31,3.62,3.46,3.38,3.38
201710,4779,2,27,11,41%,3.45,3.64,3.73,3.82,3.91,3.91,3.82,4.00,3.91,3.82,3.82,3.82,3.82,3.82,3.82
201720,4779,2,25,4,16%,3.00,3.25,3.75,3.75,4.00,3.50,3.75,4.00,3.25,3.50,3.75,3.50,3.50,2.25,3.00
201810,4779,2,27,13,48%,3.69,3.69,3.77,3.62,3.92,3.77,3.77,3.38,3.58,3.83,3.83,3.75,3.67,3.67,3.67
201610,4779,2,24,7,29%,3.43,3.43,3.57,3.29,3.71,3.71,3.57,3.80,3.57,3.71,3.43,3.57,3.57,3.57,3.29
201710,4779,2,25,9,36%,3.22,3.67,3.89,3.78,3.89,3.89,3.89,3.67,3.89,3.89,3.89,3.89,3.44,3.67,3.78
201720,4779,2,24,6,25%,3.67,3.67,3.83,3.50,3.67,3.67,3.83,3.60,3.50,3.83,3.83,3.50,3.50,3.50,3.50
201810,4779,2,22,8,36%,4.00,4.00,4.00,3.88,4.00,3.88,3.88,4.00,4.00,4.00,4.00,4.00,3.88,4.00,3.88
201620,4779,2,31,14,45%,3.43,3.36,3.64,3.29,3.71,3.57,3.43,3.57,3.43,3.64,3.43,3.43,3.29,3.00,3.14
201620,4779,2,30,10,33%,3.60,3.60,3.80,3.50,3.90,3.80,3.80,3.63,3.80,3.70,3.70,3.80,3.40,3.50,3.40
201410,4779,3,31,16,52%,3.00,2.78,3.22,2.89,3.33,3.78,3.33,2.25,3.00,3.81,3.56,3.63,3.19,3.63,3.63
201510,4779,3,28,9,32%,3.20,3.00,3.60,3.20,3.80,3.80,3.80,4.00,2.80,3.89,3.56,3.67,3.00,3.11,3.33
201520,4779,3,22,5,23%,3.67,4.00,4.00,4.00,4.00,3.67,3.67,3.50,4.00,3.80,3.80,4.00,3.40,3.80,3.80
201610,4779,3,24,9,38%,3.50,3.67,4.00,3.67,4.00,4.00,4.00,4.00,3.83,3.89,4.00,4.00,3.78,3.89,3.89
201710,4779,3,27,8,30%,4.00,4.00,3.00,3.00,4.00,4.00,4.00,0.00,3.50,3.88,3.88,3.63,3.50,3.88,3.63
201810,4779,3,30,14,47%,3.44,3.56,3.78,3.56,4.00,3.78,3.75,3.60,3.89,3.86,3.79,3.86,3.57,3.57,3.64
201420,4779,3,23,11,48%,3.17,3.33,3.67,3.50,3.50,3.50,3.50,3.50,3.17,3.73,3.73,3.73,3.22,3.56,3.67
201620,4779,4,26,6,23%,4.00,4.00,4.00,3.80,4.00,4.00,3.67,4.00,4.00,4.00,4.00,4.00,4.00,3.67,4.00
201720,4779,4,30,12,40%,3.83,3.92,3.92,3.70,3.92,3.83,3.83,3.89,3.92,3.75,3.83,3.83,3.83,3.83,3.83
201520,1418,4,24,20,83%,3.45,3.40,3.32,3.60,3.60,3.80,3.50,3.71,3.63,3.90,3.80,3.80,3.80,3.65,3.70
201510,1418,4,24,23,96%,3.30,3.26,2.96,3.17,3.52,3.57,3.26,3.31,3.09,3.74,3.48,3.43,3.30,2.87,3.23
201610,1418,4,22,22,100%,3.68,3.68,3.73,3.53,3.73,3.68,3.64,3.54,3.41,3.77,3.68,3.68,3.50,3.36,3.64
201620,1418,4,24,21,88%,3.67,3.86,3.71,3.55,3.62,3.71,3.67,3.62,3.57,3.81,3.81,3.71,3.71,3.24,3.52
201710,1418,4,24,19,79%,3.74,3.89,3.79,3.72,3.68,3.95,3.53,3.83,3.79,3.89,3.79,3.68,3.74,3.42,3.63
201720,1418,4,23,13,57%,3.77,3.62,3.54,3.69,3.54,3.62,3.46,3.78,3.58,3.62,3.69,3.46,3.69,3.46,3.46
201810,1418,4,15,14,93%,3.92,3.85,3.50,3.58,3.77,3.71,3.38,3.40,3.62,3.85,3.75,3.83,3.62,3.38,3.62
201510,1418,4,22,22,100%,3.18,3.09,3.00,3.35,3.41,3.71,2.91,3.17,3.10,3.77,3.57,3.50,3.32,3.09,3.27
201520,1418,4,24,20,83%,3.50,3.45,3.10,3.20,3.60,3.80,3.45,3.46,3.26,3.75,3.60,3.60,3.25,3.25,3.30
201610,1418,4,21,21,100%,3.33,3.38,3.29,3.30,3.67,3.81,3.48,3.69,3.33,3.76,3.76,3.48,3.48,3.33,3.52
201620,1418,4,24,24,100%,3.57,3.70,3.91,3.61,3.57,3.83,3.65,3.56,3.87,3.91,3.87,3.78,3.57,3.17,3.35
201710,1418,4,23,18,78%,3.56,3.44,3.22,3.12,3.28,3.72,3.28,3.56,3.00,3.72,3.39,3.39,3.28,3.11,3.17
201720,1418,4,24,13,54%,3.77,3.77,3.85,3.54,3.77,3.92,3.77,4.00,3.92,3.92,3.58,3.69,3.77,3.62,3.69
201810,1418,4,16,16,100%,3.75,3.69,3.63,3.40,3.81,3.88,3.88,3.79,3.69,3.94,3.94,3.94,3.69,3.63,3.56
201310,1418,4,19,9,47%,3.67,3.67,3.67,3.78,3.78,3.78,3.44,3.67,3.88,3.78,3.78,3.67,3.78,3.44,3.56
201420,1418,4,40,3,8%,3.67,3.67,4.00,4.00,4.00,3.67,3.67,3.00,3.67,4.00,3.67,3.67,0.00,0.00,0.00
201420,1418,4,21,12,57%,3.50,3.73,3.75,3.50,3.75,3.67,3.42,4.00,3.83,3.92,3.82,3.92,3.67,3.67,3.44
201320,1418,4,22,13,59%,3.85,3.92,3.92,3.92,3.85,4.00,3.92,4.00,3.75,4.00,4.00,3.92,3.92,3.92,3.92
201410,1418,4,15,15,100%,3.40,3.47,3.53,3.46,3.87,3.80,3.53,3.92,3.53,3.80,3.73,3.73,3.60,3.47,3.73
201310,1418,4,19,5,26%,3.80,3.80,3.80,4.00,3.80,3.80,3.80,4.00,3.80,4.00,3.80,3.80,3.80,3.80,3.80
201410,1418,4,21,20,95%,3.75,3.80,3.85,3.77,3.80,3.95,3.50,3.93,3.80,3.95,3.90,3.85,3.80,3.45,3.80
201420,1418,4,20,9,45%,3.67,3.89,3.67,3.57,3.67,3.78,3.56,4.00,3.78,3.67,3.78,3.78,3.50,3.50,3.25
201320,1418,4,21,9,43%,3.67,3.78,3.78,3.75,3.89,4.00,3.89,3.80,3.63,3.89,3.89,3.78,3.89,3.78,3.78
201520,7521,1,32,10,31%,2.90,2.60,3.20,2.80,3.40,2.90,3.00,3.38,2.70,3.40,3.00,3.30,2.80,2.80,2.90
201410,7521,1,25,13,52%,3.77,3.62,3.62,3.69,3.92,4.00,3.77,3.73,3.42,3.85,3.85,3.85,3.62,3.54,3.54
201420,7521,1,29,27,93%,3.44,3.22,3.44,3.52,3.78,3.70,3.18,3.64,3.37,3.67,3.59,3.63,3.00,3.32,3.36
201510,7521,1,31,9,29%,3.56,3.33,3.44,3.22,3.78,3.56,3.44,3.75,2.89,3.67,3.67,3.56,3.33,2.89,3.33
201610,7521,1,28,25,89%,3.42,3.38,3.42,3.21,3.63,3.42,3.50,3.37,3.46,3.71,3.52,3.71,3.46,3.46,3.52
201710,7521,1,28,13,46%,3.23,3.15,3.08,3.54,3.69,3.62,3.31,3.50,3.15,3.69,3.31,3.31,3.00,3.08,3.38
201720,7521,1,34,31,91%,3.52,3.26,3.03,3.23,3.48,3.40,3.19,3.20,2.77,3.48,3.32,3.36,3.03,2.93,3.13
201310,7521,1,34,18,53%,3.50,3.56,3.56,3.53,3.72,3.56,3.67,3.82,3.56,3.78,3.56,3.61,3.11,3.11,3.17
201320,7521,1,25,14,56%,3.31,3.14,3.21,3.36,3.43,3.43,3.29,3.55,3.07,3.64,3.57,3.43,2.79,2.71,2.93
201410,7521,1,32,14,44%,3.36,3.21,3.43,3.07,3.64,3.50,3.36,3.64,3.14,3.71,3.50,3.64,3.07,3.00,3.21
201420,7521,1,33,31,94%,3.58,3.26,3.68,3.45,3.74,3.64,3.48,3.58,3.42,3.84,3.68,3.74,3.46,3.50,3.63
201510,7521,1,34,15,44%,3.60,3.53,3.60,3.60,3.73,3.67,3.60,3.60,3.40,3.60,3.47,3.53,3.20,3.07,3.27
201520,7521,1,33,12,36%,3.33,3.00,3.25,3.17,3.92,3.58,3.00,3.44,3.17,3.83,3.33,3.67,3.08,2.83,3.08
201610,7521,1,29,29,100%,3.39,3.36,3.62,3.41,3.69,3.55,3.59,3.60,3.21,3.75,3.59,3.62,3.31,3.35,3.45
201620,7521,1,32,28,88%,3.44,3.07,3.37,3.48,3.77,3.48,3.26,3.62,2.93,3.70,3.41,3.33,2.89,3.04,3.11
201710,7521,1,32,13,41%,3.67,3.33,3.42,3.62,3.77,3.69,3.69,3.67,3.17,3.69,3.62,3.62,3.15,3.38,3.23
201720,7521,1,36,35,97%,3.29,3.11,3.26,3.23,3.54,3.34,3.17,3.45,2.69,3.37,3.34,3.34,3.00,2.89,3.21
201310,7521,1,30,16,53%,3.56,3.56,3.75,3.56,3.75,3.75,3.44,3.73,3.60,3.81,3.75,3.69,3.44,3.38,3.44
201320,7521,1,31,15,48%,3.53,3.07,3.47,3.67,3.80,3.60,3.67,3.75,3.07,3.73,3.53,3.60,2.93,2.67,2.93
201410,7521,1,32,9,28%,3.56,3.56,3.67,3.44,3.78,3.78,3.67,3.63,3.56,3.78,3.67,3.67,3.67,3.56,3.44
201420,7521,1,33,30,91%,3.70,3.57,3.77,3.50,3.93,3.90,3.73,3.83,3.60,3.93,3.83,3.80,3.47,3.60,3.63
201510,7521,1,34,19,56%,3.79,3.74,3.74,3.74,3.95,3.89,3.79,3.93,3.63,3.84,3.74,3.79,3.68,3.68,3.63
201610,7521,1,32,31,97%,3.39,3.16,3.58,3.39,3.71,3.61,3.55,3.65,3.45,3.81,3.64,3.63,3.16,3.26,3.45
201620,7521,1,32,22,69%,3.41,3.27,3.55,3.41,3.77,3.55,3.50,3.74,3.27,3.77,3.55,3.68,3.18,3.05,3.36
201710,7521,1,33,9,27%,3.33,3.11,3.44,3.33,4.00,3.56,3.67,3.83,3.00,3.67,3.67,3.56,3.33,2.44,3.00
201720,7521,1,36,31,86%,3.39,3.30,3.48,3.36,3.64,3.45,3.36,3.35,3.19,3.81,3.64,3.58,3.39,3.39,3.29
201810,7521,1,33,30,91%,3.50,2.93,2.73,3.23,3.67,3.30,2.80,3.41,2.59,3.67,3.37,3.37,2.80,2.73,2.77
201310,7521,1,35,22,63%,3.55,3.36,3.57,3.36,3.86,3.71,3.59,3.69,3.71,3.91,3.77,3.73,3.27,3.23,3.50
201320,7521,1,34,17,50%,3.53,3.47,3.65,3.53,3.81,3.59,3.59,3.67,3.65,3.77,3.77,3.71,3.41,3.41,3.65
201810,7521,2,75,74,99%,3.28,3.18,3.42,3.32,3.30,3.41,3.39,3.40,3.30,3.54,3.54,3.41,3.11,3.29,3.40
201520,7521,3,23,15,65%,3.20,2.93,2.67,3.00,3.67,3.73,3.60,3.56,2.87,3.87,3.60,3.53,2.73,2.67,2.87
201620,7521,3,8,3,38%,3.33,3.33,3.67,4.00,4.00,4.00,4.00,4.00,3.67,4.00,4.00,4.00,3.67,3.67,3.67
201520,9568,1,34,33,97%,3.39,2.91,3.33,3.03,3.33,3.33,3.24,3.26,2.72,3.55,3.34,3.00,3.00,2.79,3.06
201510,9568,1,29,15,52%,3.47,3.13,3.20,3.40,3.07,3.20,3.00,3.44,2.53,3.13,2.93,2.87,2.67,2.93,2.80
201520,9568,1,33,30,91%,3.23,2.80,3.13,3.03,3.13,3.07,2.80,3.17,2.30,3.07,2.97,2.90,2.73,2.60,2.87
201610,9568,1,27,17,63%,3.41,3.41,3.53,3.53,3.35,3.71,3.47,3.82,3.29,3.59,3.82,3.41,3.41,3.12,3.41
201620,9568,1,31,29,94%,3.48,3.35,3.69,3.31,3.69,3.45,3.65,3.64,3.28,3.69,3.52,3.65,3.21,3.14,3.21
201710,9568,1,34,25,74%,3.52,3.32,3.64,3.36,3.48,3.44,3.42,3.38,3.13,3.52,3.44,3.40,3.20,3.12,3.16
201510,9568,1,34,15,44%,3.40,3.27,3.47,3.47,3.53,3.60,3.47,3.64,2.80,3.60,3.53,3.20,3.13,2.73,3.20
201610,9568,1,34,19,56%,3.53,3.26,3.58,3.32,3.37,3.42,3.53,3.63,3.21,3.53,3.47,3.47,3.16,3.05,3.11
201620,9568,1,33,19,58%,3.42,3.26,3.68,3.26,3.37,3.53,3.42,3.38,3.39,3.68,3.63,3.47,3.11,3.05,3.21
201710,9568,1,27,17,63%,3.77,3.71,3.82,3.53,3.53,3.65,3.71,3.75,3.12,3.71,3.71,3.59,3.29,3.23,3.47
201810,9568,2,24,21,88%,3.86,3.57,3.71,3.57,3.67,3.76,3.76,3.87,3.52,3.76,3.57,3.62,3.62,3.40,3.38
201810,9568,2,25,20,80%,3.60,3.30,3.55,3.50,3.65,3.40,3.45,3.55,3.50,3.60,3.50,3.65,3.50,3.50,3.40
201420,6225,2,28,26,93%,3.85,3.62,3.50,3.46,3.85,3.73,3.50,2.64,3.38,3.77,3.77,3.65,3.30,3.43,3.65
201320,6225,2,31,24,77%,3.79,3.75,3.46,3.54,3.83,3.78,3.71,3.54,3.52,3.75,3.79,3.71,3.50,3.42,3.63
201410,6225,2,28,26,93%,3.69,3.65,3.85,3.50,3.96,3.69,3.69,2.79,3.69,3.85,3.85,3.85,3.31,3.58,3.58
201510,6225,2,27,23,85%,3.78,3.70,3.78,3.48,3.96,3.87,3.74,2.92,3.64,3.91,3.91,3.87,3.52,3.61,3.83
201310,6225,2,32,29,91%,3.52,2.97,2.83,3.07,3.69,3.50,3.21,3.00,3.00,3.59,3.52,3.48,2.79,2.97,3.21
201520,6225,2,28,24,86%,3.71,3.13,3.42,3.09,3.67,3.54,3.17,2.25,2.83,3.54,3.58,3.50,3.17,2.92,3.42
201610,6225,2,22,19,86%,3.63,3.47,3.32,3.32,3.79,3.68,3.42,3.00,3.26,3.74,3.68,3.63,3.33,3.37,3.58
201620,6225,2,24,22,92%,3.68,3.45,3.41,3.27,3.77,3.55,3.41,3.18,3.32,3.68,3.82,3.77,3.23,3.36,3.50
201710,6225,2,28,26,93%,3.73,3.58,3.38,3.65,3.85,3.54,3.27,3.16,3.23,3.40,3.69,3.50,3.42,3.54,3.77
201720,6225,2,28,26,93%,3.88,3.85,3.88,3.65,3.92,3.85,3.88,3.31,3.85,3.96,3.88,3.88,3.85,3.85,3.92
201810,6225,2,23,20,87%,3.50,3.55,3.35,3.20,3.65,3.30,3.35,3.47,3.15,3.58,3.60,3.45,3.40,3.55,3.50
201420,4260,1,36,9,25%,3.78,3.56,3.67,3.56,3.67,3.56,3.67,3.43,3.56,3.78,3.56,3.56,3.67,3.33,3.44
201420,4260,1,34,16,47%,3.44,3.31,3.31,3.44,3.75,3.25,3.00,3.57,3.19,3.56,3.56,3.63,3.38,3.15,3.08
201720,4260,1,35,29,83%,3.59,3.59,3.28,3.41,3.79,3.65,3.52,3.37,3.48,3.69,3.69,3.55,3.31,3.52,3.52
201610,4260,1,31,10,32%,3.44,2.70,2.60,3.00,3.40,3.40,2.90,3.38,2.70,3.60,3.60,3.10,3.10,3.10,3.10
201620,4260,1,31,9,29%,3.33,3.44,3.11,3.44,3.78,3.33,3.22,3.25,3.33,3.67,3.56,3.44,3.33,3.56,3.44
201710,4260,1,31,8,26%,3.50,3.13,2.25,2.88,3.75,3.13,2.63,3.17,3.00,3.38,3.25,3.13,3.25,3.13,3.25
201520,4260,2,31,11,35%,3.27,2.82,3.09,3.27,3.64,3.27,2.36,3.17,2.73,3.18,3.27,3.45,2.73,3.18,3.27
201510,4260,2,32,19,59%,2.65,2.12,1.78,1.82,3.39,2.83,1.94,2.62,1.72,2.56,2.50,2.50,1.83,1.83,2.17
201520,4260,2,32,20,63%,2.85,2.30,1.70,2.20,3.45,2.65,2.15,3.40,1.90,3.00,2.80,2.85,2.10,1.95,2.45
201510,4260,2,28,9,32%,3.56,2.67,2.00,2.57,3.44,3.11,2.00,2.38,2.22,3.22,3.22,2.78,2.22,2.11,2.56
201520,4260,2,34,18,53%,3.06,2.28,2.50,2.40,3.61,3.22,2.06,3.40,2.06,3.22,3.00,3.11,2.50,2.11,2.72
201610,4260,2,31,13,42%,3.54,3.00,2.77,2.77,3.69,3.15,2.54,3.33,2.54,3.38,3.46,3.15,2.77,2.69,3.23
201620,4260,2,28,14,50%,3.43,3.29,2.64,3.38,3.50,2.93,2.43,3.00,2.64,2.93,3.29,2.93,3.29,2.86,3.29
201710,4260,2,30,13,43%,3.08,2.77,2.54,3.00,3.62,2.31,2.23,3.33,2.31,2.69,3.31,2.69,2.92,2.77,3.15
201720,4260,2,28,22,79%,3.32,2.77,2.41,2.90,3.41,2.86,2.09,2.83,2.64,2.73,3.09,2.82,2.59,2.86,2.95
201520,4260,2,34,13,38%,2.92,2.92,2.85,2.92,3.62,3.15,2.85,3.18,2.85,3.23,3.23,3.23,3.00,2.85,2.85
201610,4260,2,33,21,64%,3.10,3.10,2.62,2.75,3.90,3.57,2.81,3.36,3.14,3.62,3.57,3.30,2.95,3.00,3.24
201620,4260,2,28,12,43%,3.25,3.17,2.92,2.91,3.67,3.42,2.50,3.25,2.50,3.50,3.25,2.83,2.67,2.92,2.83
201710,4260,2,29,13,45%,3.62,3.38,2.77,3.15,3.54,2.69,2.46,3.33,2.92,2.69,3.46,3.15,3.46,3.31,3.54
201720,4260,2,26,16,62%,3.31,3.25,3.00,3.13,3.75,3.19,2.75,3.38,2.94,3.31,3.69,3.13,2.88,2.81,3.13
201510,4260,2,35,21,60%,2.65,1.86,1.14,1.93,3.38,2.52,1.33,2.83,1.35,2.81,2.43,2.57,1.81,1.81,2.00
201610,4260,2,28,11,39%,3.27,3.18,2.82,2.91,3.73,3.36,3.18,3.50,3.09,3.36,3.45,3.45,2.91,3.09,3.18
201620,4260,2,20,9,45%,3.67,3.89,3.67,3.33,3.89,3.44,3.33,3.57,3.33,3.44,3.44,3.56,3.67,3.56,3.67
201710,4260,2,23,5,22%,3.80,3.80,2.60,3.40,3.80,3.00,2.80,3.00,3.20,2.40,3.40,3.40,3.20,3.40,3.60
201720,4260,2,21,13,62%,3.69,3.69,3.31,3.17,4.00,3.62,3.23,3.22,3.38,3.62,3.77,3.77,3.54,3.77,3.54
201810,4260,2,34,15,44%,3.07,3.20,2.40,2.20,3.40,2.00,1.93,2.09,2.20,2.07,3.20,2.80,2.67,3.07,2.80
201510,4260,2,26,8,31%,3.50,3.00,2.50,2.50,3.88,2.88,2.25,3.50,2.50,3.50,3.50,3.13,2.38,2.50,2.63
201510,7523,3,11,7,64%,3.57,3.43,3.71,3.14,3.86,3.86,3.57,4.00,3.43,3.86,3.86,3.57,3.43,3.29,3.57
201520,7523,3,21,4,19%,2.75,2.25,3.00,2.75,3.75,3.00,3.00,3.25,3.25,3.75,3.75,2.75,3.00,3.00,3.25
201610,7523,3,10,3,30%,3.33,2.67,2.67,3.33,3.00,3.67,3.00,3.50,3.00,3.67,3.67,3.33,3.00,2.67,3.00
201620,7523,3,19,10,53%,3.60,3.60,3.70,3.80,3.60,3.90,3.50,3.78,3.20,3.80,3.70,3.40,3.50,3.50,3.50
201710,7523,3,19,14,74%,3.21,2.71,2.86,2.57,2.79,3.00,2.57,3.50,1.86,3.14,3.14,2.43,2.36,2.07,2.43
201720,7523,3,24,11,46%,2.64,1.36,1.46,2.82,1.64,2.55,1.27,1.78,0.82,2.36,2.55,1.54,1.73,1.36,1.64
201510,7523,3,15,6,40%,3.17,2.83,3.33,3.33,3.33,3.33,2.83,3.50,3.00,3.67,3.00,3.00,2.67,3.00,2.83
201520,7523,3,27,12,44%,2.92,2.58,2.83,3.25,3.08,3.08,2.58,2.70,2.50,3.17,3.00,2.92,2.42,2.17,2.17
201610,7523,3,13,4,31%,3.25,3.25,3.25,3.50,3.25,3.00,3.00,3.50,3.00,3.50,3.25,3.50,3.75,3.50,3.50
201620,7523,3,17,7,41%,3.43,3.71,3.86,3.71,3.71,3.86,3.14,4.00,3.17,3.57,3.71,3.71,3.71,3.43,3.57
201710,7523,3,21,17,81%,3.18,2.77,2.88,2.47,3.06,2.94,2.53,3.10,2.47,3.00,3.18,2.82,2.88,2.71,2.65
201720,7523,3,24,6,25%,3.17,2.50,2.67,2.60,2.33,2.67,2.33,3.00,2.00,2.83,2.50,2.67,2.17,1.83,2.17
201710,9702,2,31,14,45%,3.07,2.86,2.57,2.54,3.29,2.79,2.64,3.30,2.71,3.00,3.29,3.07,2.71,2.86,2.79
201720,9702,2,32,7,22%,2.71,1.86,1.43,2.33,3.14,2.71,2.43,2.50,1.57,2.71,3.00,2.86,2.14,2.00,2.50
201310,9702,3,28,17,61%,3.18,3.29,3.29,2.94,3.35,3.35,3.23,3.57,3.18,3.23,3.59,3.06,3.00,3.41,3.41
201320,9702,3,35,17,49%,3.31,3.25,3.25,3.31,3.69,3.50,3.25,3.50,3.33,3.44,3.56,3.38,3.31,3.63,3.44
201410,9702,3,26,11,42%,3.36,2.82,3.00,3.27,3.09,3.00,3.00,3.50,2.64,3.09,3.18,2.82,2.73,2.82,2.91
201420,9702,3,28,13,46%,3.69,3.62,3.85,3.62,3.62,3.62,3.38,3.00,3.25,3.54,3.54,3.38,3.42,3.58,3.33
201510,9702,3,28,14,50%,3.43,3.64,3.71,3.57,3.79,3.71,3.29,3.60,3.43,3.50,3.93,3.64,3.50,3.71,3.64
201610,9702,3,23,8,35%,3.38,3.38,3.50,3.63,3.50,3.00,3.00,3.67,3.00,3.13,3.38,3.25,3.50,3.63,3.38
201310,9702,4,25,12,48%,3.45,3.67,3.44,3.83,3.42,3.33,3.58,3.43,3.33,3.50,3.60,3.27,3.67,3.36,3.50
201320,9702,4,23,6,26%,3.80,3.40,3.40,4.00,3.80,3.40,3.20,3.75,3.40,3.80,4.00,3.60,4.00,3.60,3.80
201410,9702,4,23,16,70%,3.50,3.44,2.87,2.86,3.00,2.81,1.88,3.11,2.75,2.87,3.21,3.00,3.60,3.13,3.33
201420,9702,4,27,10,37%,3.30,3.20,2.70,3.50,3.00,2.80,2.50,3.50,2.44,3.10,3.30,3.00,3.22,3.33,3.11
201510,9702,4,16,11,69%,3.64,3.64,2.91,3.71,3.45,3.18,3.00,3.57,3.27,3.18,3.73,3.36,3.55,3.09,3.50
201520,9702,4,24,8,33%,3.88,3.63,2.38,2.60,3.38,2.13,2.00,3.40,2.88,3.00,3.38,3.00,3.75,3.63,3.25
201610,9702,4,13,8,62%,3.88,3.13,2.25,3.33,2.86,2.13,1.38,3.33,2.25,2.25,3.43,2.43,3.25,3.38,3.38
201620,9702,4,18,5,28%,3.80,3.60,3.00,4.00,3.60,2.80,2.80,4.00,3.00,3.00,3.50,3.20,3.40,3.20,3.40
201710,9702,4,15,5,33%,3.40,2.80,2.40,2.20,2.60,2.00,1.60,2.50,1.40,2.20,3.00,2.20,3.20,2.20,3.00
201810,9702,4,13,4,31%,3.25,3.00,3.25,3.25,3.25,2.75,3.00,4.00,3.00,3.25,3.50,3.25,3.25,2.25,3.00
201520,9702,4,33,10,30%,2.90,3.20,2.90,3.13,3.10,3.30,3.20,3.80,3.10,3.30,3.50,3.30,3.10,3.20,3.22
201620,9702,4,26,7,27%,3.43,3.29,3.14,3.33,3.43,3.43,3.14,3.75,3.29,3.57,3.43,3.43,3.43,3.43,3.43
201720,9702,4,28,10,36%,3.10,2.70,2.90,2.80,3.50,3.10,2.80,3.57,2.90,3.70,3.50,3.30,2.80,2.50,3.11
201310,6291,2,33,19,58%,3.58,3.37,3.21,3.63,3.42,2.63,2.79,3.50,2.84,3.05,2.74,3.11,3.26,3.21,3.16
201410,6291,2,28,12,43%,3.25,2.67,3.00,3.00,3.08,2.67,2.25,2.56,2.25,2.67,2.33,2.50,2.50,2.67,2.75
201420,6291,2,32,27,84%,3.44,3.30,3.33,3.41,3.48,3.00,2.96,3.41,3.11,3.18,3.15,3.30,3.25,3.29,3.17
201510,6291,2,31,16,52%,3.56,3.38,3.50,3.38,3.50,3.19,3.38,3.45,3.00,3.50,3.31,3.38,3.25,3.25,3.19
201520,6291,2,22,14,64%,3.46,3.38,3.77,3.62,3.69,3.38,3.38,3.60,3.18,3.38,3.15,3.38,3.46,3.23,3.46
201610,6291,2,30,17,57%,3.53,3.38,3.50,3.56,3.44,2.75,2.44,3.56,2.71,2.77,2.94,2.94,3.35,3.00,3.35
201620,6291,2,28,21,75%,3.35,3.19,3.33,3.19,3.38,3.00,2.90,3.38,2.90,3.33,2.86,3.10,3.05,3.24,3.29
201710,6291,2,23,19,83%,3.32,2.95,3.05,3.37,3.26,2.47,2.68,2.86,2.21,2.74,2.37,2.79,2.84,2.58,2.89
201720,6291,2,28,20,71%,3.50,3.30,3.05,3.55,3.20,2.85,2.70,2.89,2.60,3.00,2.80,3.05,3.35,3.30,3.30
201810,6291,2,30,12,40%,3.50,2.92,3.58,3.25,3.67,3.00,2.75,3.00,2.92,3.00,3.17,3.08,3.17,3.00,3.17
201310,6291,2,33,20,61%,3.35,2.90,3.10,3.05,3.30,2.50,2.35,3.55,2.28,2.60,2.65,2.70,3.00,2.80,3.10
201410,6291,2,28,14,50%,3.00,2.57,3.36,2.86,2.79,2.36,2.07,3.11,2.14,2.50,2.21,2.50,2.54,2.71,2.71
201420,6291,2,33,22,67%,3.55,3.50,3.59,3.50,3.36,3.18,3.05,3.25,2.95,3.18,2.91,3.23,3.23,3.18,3.41
201510,6291,2,31,13,42%,3.83,3.23,3.38,3.38,3.38,2.85,2.08,3.88,2.58,2.85,3.15,3.31,3.38,3.08,3.38
201520,6291,2,28,18,64%,3.61,3.61,3.61,3.67,3.61,3.28,3.28,3.71,3.06,3.39,3.44,3.44,3.28,3.33,3.44
201610,6291,2,30,19,63%,3.58,3.67,3.26,3.42,3.58,2.58,2.84,3.50,2.68,2.89,3.05,3.00,3.37,3.05,3.37
201620,6291,2,29,20,69%,3.55,2.95,3.25,3.35,3.45,2.68,2.60,3.21,2.55,2.90,2.60,2.95,2.95,2.95,3.10
201710,6291,2,28,21,75%,3.14,2.71,3.05,2.95,3.43,3.10,2.71,3.36,2.38,2.95,2.81,2.86,2.76,2.52,2.86
201720,6291,2,29,14,48%,2.93,2.29,2.86,2.57,3.14,2.57,2.43,1.75,2.00,2.64,2.43,2.57,2.07,1.93,2.36
201810,6291,2,30,19,63%,3.58,3.11,3.26,3.32,3.47,3.21,2.58,3.07,2.37,3.00,3.00,3.00,2.84,2.84,3.05
201320,6291,2,33,16,48%,3.31,2.88,3.06,3.31,3.13,2.69,2.31,2.91,2.25,2.56,2.69,2.63,2.88,2.75,2.94
201410,6291,2,27,15,56%,3.27,3.07,3.53,3.20,3.13,2.80,2.60,2.75,2.60,2.87,2.67,2.80,3.00,2.87,3.20
201420,6291,2,31,20,65%,3.26,2.89,3.21,3.05,3.21,3.06,3.00,3.57,2.37,2.84,2.53,2.79,2.88,2.63,3.06
201510,6291,2,30,20,67%,3.35,3.55,3.65,3.70,3.60,3.30,3.45,3.54,3.35,3.35,3.10,3.30,3.20,3.45,3.60
201520,6291,2,27,14,52%,3.50,3.50,3.36,3.36,3.36,3.00,2.93,3.25,2.50,3.00,2.93,3.00,3.21,3.21,3.36
201610,6291,2,32,23,72%,3.65,2.70,3.17,3.39,3.39,2.22,2.23,3.33,2.09,2.39,2.23,2.52,3.09,2.57,3.00
201620,6291,2,30,12,40%,3.25,2.92,3.08,3.33,3.50,2.75,3.00,3.25,2.50,3.00,2.42,2.83,2.92,2.83,2.92
201710,6291,2,30,23,77%,3.39,3.00,3.48,3.43,3.43,3.22,3.09,3.58,2.78,3.26,2.87,2.96,3.09,3.04,3.09
201720,6291,2,28,11,39%,3.27,2.91,2.82,3.00,3.27,2.18,2.09,2.67,1.91,2.27,2.27,3.00,2.73,2.64,2.64
201810,6291,2,31,17,55%,3.69,3.31,3.00,3.41,3.29,2.82,2.59,3.29,2.65,2.77,3.18,2.82,2.94,2.71,3.06
201320,6291,2,35,19,54%,3.37,3.16,3.11,3.42,2.95,2.05,1.95,3.08,2.16,2.42,2.42,2.32,2.89,2.58,2.84
201320,6291,2,34,22,65%,3.36,3.14,3.09,3.05,3.41,2.68,2.76,3.27,2.36,3.00,2.77,3.05,3.00,2.91,3.23
201720,6090,1,33,18,55%,3.33,3.33,3.06,2.72,3.56,3.39,3.00,3.21,2.67,3.50,3.33,3.28,3.22,3.22,3.50
201610,6090,1,27,25,93%,3.56,3.36,2.60,3.12,3.28,2.80,2.32,2.70,2.36,3.04,3.24,3.12,3.20,2.64,2.60
201620,6090,1,31,16,52%,3.19,2.25,2.31,1.80,2.81,2.06,1.69,1.82,1.31,2.19,2.44,2.19,2.25,1.69,1.88
201610,6090,1,32,30,94%,3.57,3.17,2.83,2.52,3.33,3.03,2.77,3.32,2.73,3.00,3.03,2.97,3.17,2.80,2.73
201620,6090,1,31,24,77%,3.46,3.38,3.38,3.08,3.46,3.29,3.17,3.00,2.63,3.29,3.46,3.17,3.17,2.75,2.79
201810,6090,1,33,33,100%,3.73,3.67,3.67,3.61,3.79,3.31,3.09,3.25,3.45,3.39,3.36,3.48,3.45,3.15,3.42
201310,6090,1,20,9,45%,3.78,3.56,3.22,3.22,3.44,3.00,3.00,3.17,3.25,2.78,3.33,3.44,3.44,2.67,3.11
201810,6090,1,31,30,97%,3.83,3.77,3.80,3.57,3.90,3.70,3.43,3.79,3.54,3.75,3.82,3.68,3.64,3.43,3.64
201310,6090,2,123,60,49%,3.04,2.71,3.48,2.80,3.28,3.22,3.23,3.09,3.02,3.13,3.11,2.96,2.41,3.18,3.04
201320,6090,2,130,30,23%,2.86,2.63,3.57,2.95,3.20,3.60,3.52,3.88,3.23,3.63,3.50,3.27,2.50,3.38,3.31
201420,6090,2,248,27,11%,3.08,2.69,3.48,2.79,2.47,2.85,3.00,3.44,3.00,2.96,3.13,2.92,0.00,0.00,0.00
201420,6090,2,122,43,35%,3.15,2.92,3.40,2.87,2.91,2.74,2.94,3.50,3.10,2.88,3.17,3.12,2.97,3.03,3.27
201510,6090,2,115,15,13%,2.36,2.20,2.93,2.33,2.29,1.50,1.60,2.33,2.21,2.18,2.00,2.17,1.64,2.50,2.57
201520,6090,2,132,17,13%,2.77,2.71,3.13,2.75,3.00,2.58,2.71,2.75,2.77,2.94,3.07,3.00,2.20,2.88,3.12
201610,6090,2,130,49,38%,3.21,3.04,3.39,3.09,3.33,3.38,3.27,3.21,3.31,3.47,3.42,3.37,3.00,3.17,3.40
201620,6090,2,133,130,98%,3.15,2.96,3.29,2.92,3.10,2.95,2.92,3.02,3.06,3.20,3.17,3.21,2.86,3.06,3.21
201710,6090,2,135,107,79%,2.98,2.73,3.30,2.81,2.93,2.84,2.91,3.08,2.78,3.07,3.12,2.83,2.52,2.86,3.12
201720,6090,2,131,127,97%,2.85,2.68,3.21,2.70,2.99,2.96,3.08,3.18,2.78,3.26,3.07,3.05,2.61,2.88,3.16
201810,6090,2,129,129,100%,3.17,3.04,3.33,3.01,3.13,3.14,3.16,3.13,3.03,3.31,3.17,3.15,2.77,3.01,3.28
201520,6090,2,122,17,14%,3.13,2.81,3.38,2.83,3.00,2.00,2.63,3.00,2.56,2.47,2.25,2.80,2.53,2.94,3.00
201510,6090,4,22,8,36%,4.00,3.88,3.25,3.57,3.63,3.63,3.25,3.67,3.38,3.50,3.63,3.63,3.63,3.38,3.38
201520,6090,4,24,10,42%,4.00,4.00,2.90,3.60,3.90,3.40,3.30,4.00,3.60,3.70,3.80,3.90,3.90,3.70,3.60
201320,6090,4,17,6,35%,3.67,3.33,3.00,2.00,3.67,3.67,2.67,3.17,2.67,2.83,2.50,2.50,3.00,2.67,2.60
201410,6090,4,16,8,50%,4.00,4.00,3.75,4.00,3.88,3.88,3.75,4.00,4.00,3.88,3.75,3.75,3.88,3.88,4.00
201320,6090,4,22,4,18%,4.00,3.50,3.75,3.25,4.00,3.50,3.50,3.50,3.50,3.75,4.00,4.00,3.75,3.50,4.00
201410,6090,4,17,11,65%,3.91,3.73,3.55,3.45,3.82,3.18,3.36,3.40,3.64,3.55,3.64,3.64,3.64,3.36,3.36
201420,6090,4,38,3,8%,2.33,1.67,1.33,1.00,1.00,0.00,0.00,0.33,0.33,0.33,0.67,0.00,0.00,0.00,0.00
201420,6090,4,21,5,24%,2.40,2.40,2.00,2.20,3.00,2.40,1.80,2.40,2.00,2.20,2.40,2.20,2.40,2.20,2.20
201310,6908,2,31,26,84%,3.69,3.81,3.73,3.60,3.88,3.73,3.65,3.79,3.54,3.69,3.81,3.62,3.27,3.58,3.62
201410,6908,2,31,29,94%,3.41,3.55,3.55,3.41,3.69,3.69,3.59,3.55,3.55,3.83,3.79,3.57,3.41,3.55,3.57
201420,6908,2,35,32,91%,3.34,3.31,3.34,3.07,3.69,3.25,3.13,3.42,3.13,3.47,3.56,3.44,3.29,3.36,3.19
201510,6908,2,35,27,77%,3.46,3.31,3.38,3.15,3.69,3.69,3.38,3.50,3.11,3.52,3.56,3.44,2.89,3.00,3.11
201520,6908,2,29,26,90%,3.62,3.69,3.62,3.32,3.88,3.73,3.73,3.83,3.56,3.81,3.77,3.81,3.54,3.58,3.69
201610,6908,2,29,24,83%,3.00,2.88,2.78,2.67,3.46,3.13,2.50,3.23,2.38,2.96,3.21,2.96,2.71,2.79,2.96
201620,6908,2,31,31,100%,3.32,3.55,3.26,3.03,3.55,3.36,3.16,3.30,3.26,3.48,3.61,3.52,3.32,3.36,3.52
201310,6908,2,31,31,100%,3.58,3.81,3.64,3.39,3.90,3.68,3.52,3.61,3.74,3.77,3.81,3.58,3.48,3.48,3.39
201410,6908,2,32,30,94%,3.37,3.57,3.53,3.36,3.77,3.60,3.41,3.48,3.67,3.93,3.87,3.70,3.47,3.70,3.67
201420,6908,2,36,34,94%,3.27,3.62,3.59,3.29,3.79,3.77,3.59,3.55,3.77,3.85,3.82,3.62,3.36,3.45,3.55
201510,6908,2,32,29,91%,3.45,3.35,3.41,3.17,3.79,3.52,3.38,3.53,3.21,3.59,3.55,3.38,3.21,3.35,3.46
201520,6908,2,29,25,86%,3.24,3.40,3.24,3.29,3.68,3.40,3.20,3.47,3.32,3.60,3.56,3.68,3.12,3.32,3.24
201610,6908,2,29,28,97%,3.21,3.14,3.39,3.18,3.46,3.14,3.07,3.27,2.78,3.57,3.61,3.36,3.00,3.07,3.04
201620,6908,2,31,30,97%,3.20,3.17,3.27,2.97,3.60,3.27,3.17,3.57,2.80,3.40,3.63,3.43,3.03,3.23,3.20
201520,6908,2,25,23,92%,3.30,3.48,3.26,3.09,3.57,3.48,3.30,3.07,3.57,3.52,3.61,3.43,3.48,3.57,3.61
201620,6908,2,29,26,90%,3.50,3.65,3.58,3.50,3.92,3.81,3.65,3.62,3.54,3.81,3.85,3.81,3.58,3.65,3.62
201810,6908,3,20,17,85%,3.53,3.77,3.65,3.53,4.00,3.82,3.88,4.00,3.82,3.88,3.82,3.94,3.53,3.59,3.65
201720,6908,3,30,24,80%,3.33,3.29,3.21,3.04,3.79,3.67,3.54,3.88,3.33,3.83,3.67,3.50,3.25,3.33,3.29
201810,6908,3,20,16,80%,3.50,3.63,3.60,3.44,3.69,3.50,3.63,3.62,3.73,3.73,3.73,3.73,3.73,3.80,3.73
201710,6908,3,22,10,45%,3.40,3.20,2.70,3.00,3.40,3.10,2.50,3.40,2.60,3.10,3.10,3.00,2.60,3.00,2.90
201710,6908,3,20,17,85%,3.77,3.65,3.23,3.47,3.59,3.47,3.29,3.80,3.47,3.65,3.82,3.59,3.41,3.35,3.41
201720,6908,4,15,13,87%,3.46,2.92,2.23,2.67,3.54,2.46,2.38,3.00,2.54,3.08,2.58,2.77,3.15,2.67,3.09
201320,6908,4,22,14,64%,3.71,3.71,3.29,3.75,3.57,3.86,3.50,3.79,3.50,4.00,3.85,3.93,3.86,3.86,3.54
201320,6908,4,19,3,16%,4.00,4.00,4.00,4.00,4.00,4.00,4.00,4.00,4.00,4.00,4.00,4.00,4.00,4.00,3.67
201310,6163,1,33,18,55%,3.61,3.39,3.39,3.47,3.67,3.78,3.22,3.82,3.50,3.83,3.89,3.89,3.11,3.17,3.28
201310,6163,3,35,30,86%,3.37,3.27,3.31,3.40,3.87,3.77,3.47,3.39,3.37,3.77,3.77,3.83,3.27,3.47,3.40
201320,6163,3,34,30,88%,3.10,2.65,2.83,2.83,3.48,3.62,2.93,3.17,2.79,3.55,3.52,3.41,2.93,2.93,2.90
201410,6163,3,28,27,96%,3.30,3.41,3.18,3.41,3.78,3.96,3.56,3.71,3.50,3.85,3.89,3.82,3.54,3.67,3.56
201420,6163,3,32,9,28%,3.33,3.78,3.67,3.67,3.78,3.89,3.33,3.57,3.44,3.89,3.89,3.67,3.14,3.29,3.43
201320,6163,3,36,22,61%,3.27,3.14,3.10,3.23,3.45,3.50,3.14,3.36,3.27,3.64,3.64,3.41,3.09,3.18,3.33
201410,6163,3,26,26,100%,3.50,3.35,3.35,3.50,3.84,3.85,3.50,3.35,3.42,3.85,3.85,3.77,3.35,3.38,3.38
201420,6163,3,31,13,42%,3.31,3.38,3.15,3.38,3.62,3.69,3.46,2.89,3.42,3.69,3.77,3.38,3.64,3.36,3.36
201410,4749,2,122,53,43%,3.64,2.94,3.17,2.74,3.38,2.74,2.70,3.12,2.77,2.85,2.98,3.02,2.50,3.09,3.15
201320,4749,2,30,18,60%,3.89,3.44,3.22,3.12,3.39,2.78,2.39,3.50,2.67,2.78,3.44,3.33,3.33,2.61,2.89
201320,4749,2,16,10,63%,3.60,3.90,3.60,3.56,3.80,3.10,2.90,3.90,3.10,3.60,4.00,3.70,3.80,3.80,3.70
201510,4749,2,30,10,33%,3.90,3.70,3.60,3.78,3.90,3.60,3.70,3.40,3.89,3.70,3.90,3.80,3.70,3.70,3.60
201410,4749,2,30,13,43%,3.54,3.77,3.31,3.17,3.31,2.77,2.77,3.54,2.85,3.00,3.54,2.77,3.31,2.62,3.08
201510,4749,2,30,12,40%,3.83,3.83,3.75,3.60,3.58,3.08,2.75,3.83,3.09,2.83,3.75,3.00,3.33,3.00,3.42
201410,4749,2,24,13,54%,4.00,3.85,3.69,3.67,3.54,2.85,2.69,3.62,3.42,3.15,3.77,3.54,3.69,3.62,3.54
201420,4749,2,31,28,90%,3.79,3.68,3.64,3.46,3.64,3.25,2.96,3.82,3.35,3.50,3.75,3.46,3.50,3.31,3.42
201420,4749,2,31,29,94%,3.90,3.72,3.83,3.48,3.69,2.93,2.83,3.50,3.00,3.14,3.71,3.61,3.56,3.52,3.56
201310,4749,4,10,7,70%,3.71,4.00,3.57,4.00,3.86,3.71,3.71,4.00,3.86,3.50,3.71,3.86,3.86,3.86,3.86
201310,5177,2,22,13,59%,3.46,2.85,3.46,3.00,3.08,3.54,3.23,3.56,3.00,3.38,3.46,3.23,3.15,2.92,2.92
201320,5177,2,28,14,50%,3.57,3.36,3.64,3.43,3.86,3.93,3.71,3.75,3.21,3.79,3.86,3.64,3.50,3.43,3.50
201410,5177,2,31,18,58%,3.50,2.61,3.06,3.11,3.17,3.11,2.72,3.33,2.17,3.23,3.28,2.78,2.50,2.11,2.67
201420,5177,2,35,23,66%,3.04,2.96,3.17,2.91,3.35,3.41,3.22,3.18,2.57,3.41,3.41,3.18,3.14,2.57,3.10
201510,5177,2,34,12,35%,3.67,3.50,3.92,3.50,3.75,3.58,3.50,3.60,3.50,3.75,3.67,3.67,3.67,3.42,3.58
201320,5177,2,31,14,45%,3.71,3.57,3.71,3.14,3.79,3.86,3.57,3.75,3.29,3.64,3.64,3.43,3.50,3.21,3.50
201410,5177,2,31,17,55%,3.47,3.18,3.47,3.41,3.29,3.41,3.00,3.20,2.65,3.29,3.65,3.06,3.00,2.59,3.12
201420,5177,2,33,14,42%,3.14,2.57,2.93,2.86,3.14,3.14,2.79,3.29,2.50,3.36,3.21,3.21,2.80,2.30,2.90
201510,5177,2,34,9,26%,3.22,3.22,3.56,3.22,3.33,3.44,3.22,2.75,3.44,3.67,3.56,3.44,3.44,3.44,3.44
201310,5177,2,33,19,58%,3.32,2.84,3.58,2.83,3.16,3.63,3.05,3.42,2.95,3.47,3.32,3.05,2.63,2.53,2.63
201620,4184,2,26,20,77%,3.53,3.42,3.32,3.53,3.63,3.68,3.37,3.73,3.11,3.74,3.68,3.58,3.42,2.58,3.00
201610,4184,2,27,26,96%,3.85,3.73,3.46,3.50,3.72,3.65,3.54,3.70,3.24,3.85,3.69,3.65,3.62,3.27,3.50
201320,9194,3,41,17,41%,3.77,3.77,3.71,3.65,3.77,3.53,3.53,3.33,3.65,3.77,3.71,3.65,3.77,3.59,3.59
201410,9194,3,26,19,73%,4.00,4.00,3.95,3.79,4.00,3.89,3.89,3.81,3.89,3.89,3.89,3.89,3.84,3.89,3.89
201510,9194,3,31,13,42%,4.00,3.54,3.54,3.54,3.77,3.54,3.54,3.40,3.46,3.62,3.62,3.62,3.62,3.46,3.46
201410,4694,1,29,25,86%,3.36,3.44,3.44,3.36,3.64,3.60,3.64,3.52,3.17,3.80,3.68,3.52,3.40,3.52,3.28
201810,4694,1,32,31,97%,3.74,3.81,3.87,3.77,3.90,3.93,3.84,3.86,3.77,4.00,3.90,3.81,3.71,3.77,3.90
201410,4694,1,32,25,78%,3.60,3.60,3.76,3.64,3.88,3.76,3.84,3.56,3.80,3.92,3.80,3.88,3.72,3.75,3.72
201810,4694,1,32,32,100%,3.78,3.69,4.00,3.75,3.94,3.88,3.91,3.80,3.88,3.97,3.84,3.78,3.78,3.66,3.69
201420,4694,2,34,31,91%,3.68,3.68,3.90,3.84,3.90,3.87,3.90,3.82,3.90,3.97,3.90,3.87,4.00,4.00,4.00
201510,4694,2,30,28,93%,3.86,3.82,3.93,3.96,3.93,3.93,3.93,3.77,3.93,3.96,3.96,3.96,3.71,3.82,3.86
201520,4694,2,28,28,100%,3.79,3.75,3.82,3.86,4.00,3.82,3.93,3.89,3.89,3.96,3.89,3.89,3.78,3.82,3.85
201420,4694,2,30,25,83%,3.72,3.80,3.80,3.72,3.88,3.80,3.84,3.74,3.72,3.84,3.80,3.76,4.00,4.00,4.00
201510,4694,2,30,29,97%,3.83,3.86,3.97,3.90,4.00,3.97,4.00,3.96,4.00,4.00,4.00,3.97,3.76,3.86,3.83
201520,4694,2,28,26,93%,3.88,3.88,3.92,3.92,3.88,3.88,3.81,3.74,3.92,3.92,3.85,3.85,3.77,3.88,3.81
201720,4694,2,33,28,85%,3.96,3.96,4.00,3.93,4.00,3.96,4.00,3.90,3.96,3.96,3.96,3.96,3.86,3.96,3.96
201620,4694,2,28,23,82%,3.91,3.70,3.96,3.83,3.91,3.87,3.91,3.80,3.86,3.96,3.82,3.87,3.74,3.74,3.74
201710,4694,2,20,19,95%,3.78,3.89,3.74,3.95,3.95,3.95,4.00,3.88,3.95,3.95,3.79,3.89,3.89,3.84,3.84
201720,4694,2,31,30,97%,3.80,3.83,3.87,3.90,3.83,3.77,3.80,3.74,3.87,3.90,3.83,3.87,3.67,3.77,3.80
201620,4694,2,31,26,84%,3.88,3.85,3.92,3.88,3.92,3.88,3.96,3.91,3.96,4.00,4.00,3.96,3.88,3.88,3.88
201710,4694,2,27,21,78%,3.95,3.86,3.95,3.95,3.95,3.95,3.90,4.00,3.95,3.95,3.95,3.90,3.85,3.85,3.90
201610,7720,1,30,16,53%,2.94,2.75,3.00,3.00,3.31,3.25,3.06,3.44,2.88,3.19,3.31,3.06,3.00,3.13,3.13
201620,7720,1,32,14,44%,3.21,3.00,3.71,3.50,3.50,3.64,3.36,3.75,3.36,3.79,3.79,3.79,3.36,3.38,3.57
201710,7720,1,33,16,48%,3.63,3.50,3.75,3.69,3.75,3.88,3.75,3.75,3.50,3.75,3.69,3.63,3.56,3.56,3.50
201720,7720,1,33,31,94%,3.26,3.10,3.32,3.26,3.61,3.48,3.39,3.42,3.10,3.55,3.36,3.23,2.97,3.13,3.26
201810,7720,1,31,28,90%,3.21,2.96,3.32,2.96,3.43,3.32,3.32,3.39,3.04,3.64,3.46,3.36,3.25,3.43,3.50
201610,7720,1,31,14,45%,3.64,3.57,3.71,3.50,3.64,3.79,3.71,3.64,3.62,3.57,3.50,3.50,3.36,3.14,3.36
201620,7720,1,30,15,50%,3.47,3.33,3.73,3.20,3.53,3.67,3.67,3.78,3.27,3.60,3.47,3.53,3.40,3.40,3.47
201710,7720,1,32,19,59%,3.58,3.37,3.53,3.32,3.58,3.63,3.53,3.67,3.32,3.68,3.74,3.58,3.42,3.63,3.58
201720,7720,1,32,23,72%,3.39,3.26,3.65,3.43,3.74,3.65,3.57,3.54,3.22,3.70,3.70,3.57,3.30,3.13,3.52
201810,7720,1,29,25,86%,3.29,3.21,3.63,3.38,3.58,3.46,3.54,3.50,3.44,3.72,3.60,3.44,3.24,3.52,3.40
201610,7720,1,33,15,45%,3.47,3.33,3.47,3.27,3.80,3.73,3.67,3.60,3.53,3.73,3.60,3.53,3.47,3.40,3.53
201620,7720,1,31,18,58%,3.61,3.44,3.72,3.67,3.72,3.83,3.78,3.75,3.44,3.78,3.78,3.67,3.56,3.44,3.56
201710,7720,1,31,16,52%,3.44,3.38,3.50,3.38,3.69,3.81,3.69,3.70,3.38,3.75,3.44,3.31,3.25,3.38,3.50
201720,7720,1,31,28,90%,3.32,3.25,3.61,3.25,3.64,3.54,3.52,3.50,3.29,3.64,3.64,3.50,3.14,3.39,3.54
201810,7720,1,34,30,88%,3.27,3.23,3.23,3.20,3.57,3.57,3.27,3.40,2.97,3.60,3.47,3.30,2.97,3.20,3.37
201520,7720,1,32,11,34%,2.82,2.73,3.27,3.27,3.36,3.55,3.45,3.29,2.91,3.55,3.36,3.09,2.73,2.91,3.18
201610,7720,1,30,15,50%,3.40,3.20,3.80,3.53,3.67,3.87,3.60,3.90,3.50,3.80,3.80,3.73,3.33,3.40,3.53
201620,7720,1,30,14,47%,3.46,3.38,3.62,3.62,3.69,3.69,3.69,3.67,3.25,3.69,3.62,3.85,3.46,3.62,3.69
201710,7720,1,34,19,56%,3.74,3.68,3.68,3.63,3.79,3.63,3.68,3.67,3.37,3.68,3.74,3.68,3.63,3.68,3.79
201720,7720,1,34,29,85%,3.45,3.52,3.41,3.38,3.59,3.55,3.62,3.69,3.28,3.76,3.59,3.48,3.24,3.48,3.59
201810,7720,1,29,25,86%,3.40,3.12,3.44,3.28,3.44,3.64,3.46,3.38,3.25,3.64,3.64,3.48,3.16,3.12,3.36
201520,7720,1,36,18,50%,2.61,2.06,2.11,2.61,2.89,2.67,2.44,2.11,2.06,2.83,2.83,2.61,2.28,2.17,2.50
201520,7720,1,33,11,33%,3.18,2.91,3.27,3.00,3.64,3.45,3.55,3.60,3.18,3.55,3.27,3.00,2.91,3.18,3.00
201520,7720,1,32,10,31%,2.40,2.40,2.50,2.60,2.50,2.80,2.70,2.60,2.30,3.00,3.10,2.60,2.80,3.00,3.00
201610,4094,3,23,8,35%,3.57,3.50,3.50,3.50,3.50,3.00,3.00,3.57,2.88,3.50,3.50,3.25,3.00,3.00,3.00
201620,4094,3,21,20,95%,3.40,3.25,3.35,3.45,3.30,3.35,2.65,3.64,2.90,3.30,3.15,3.15,2.95,3.15,3.20
201710,4094,3,16,16,100%,3.25,3.13,3.13,3.25,3.50,3.50,3.38,3.33,3.19,3.75,3.69,3.44,2.88,3.19,3.50
201720,4094,3,28,27,96%,3.33,3.18,3.30,3.52,3.56,3.56,3.18,3.56,3.18,3.59,3.54,3.44,3.11,3.37,3.48
201810,4094,3,27,27,100%,3.33,3.22,3.33,3.37,3.33,3.30,3.22,3.40,2.93,3.52,3.41,3.41,3.07,3.15,3.37
201410,6831,1,32,21,66%,3.24,2.90,2.38,3.05,3.48,3.48,2.62,3.45,2.95,3.67,3.33,3.38,3.10,2.90,2.71
201410,6831,1,31,21,68%,3.16,3.40,3.05,3.35,3.35,3.65,3.10,3.54,3.10,3.60,3.50,3.35,3.25,3.20,3.35
201310,6831,4,14,7,50%,3.00,2.57,2.29,2.86,2.86,2.83,2.00,3.17,1.83,2.86,2.71,2.71,2.86,2.71,2.71
201520,2632,1,36,33,92%,3.82,3.70,3.88,3.70,3.88,3.79,3.82,3.59,3.82,3.85,3.79,3.82,3.58,3.73,3.75
201310,2632,1,40,29,73%,3.82,3.86,3.93,3.75,4.00,3.86,3.93,3.76,3.89,3.89,3.79,3.82,3.57,3.57,3.57
201320,2632,1,24,19,79%,3.42,3.32,3.47,3.21,3.74,3.63,3.68,3.50,3.32,3.84,3.79,3.63,3.42,3.26,3.32
201410,2632,1,44,35,80%,3.86,3.83,3.86,3.89,3.94,3.86,3.94,3.87,3.94,3.94,3.94,3.91,3.83,3.86,3.86
201420,2632,1,39,32,82%,3.75,3.75,3.88,3.75,3.97,3.88,3.94,3.78,3.88,3.94,3.88,3.94,3.55,3.84,3.81
201510,2632,1,40,35,88%,3.86,3.91,3.89,3.77,4.00,3.97,3.94,3.79,4.00,3.91,3.91,3.89,3.74,3.77,3.71
201610,2632,1,41,40,98%,3.75,3.75,3.85,3.47,3.95,3.70,3.88,3.75,3.90,3.90,3.90,3.90,3.60,3.67,3.58
201710,2632,1,40,38,95%,3.92,3.95,4.00,3.82,4.00,3.89,3.97,3.84,4.00,3.95,3.82,3.95,3.89,3.84,3.84
201720,2632,1,33,32,97%,3.75,3.72,3.78,3.78,3.97,3.75,3.88,3.52,3.84,3.91,3.66,3.81,3.69,3.59,3.50
201810,2632,1,40,40,100%,3.97,3.90,3.90,3.90,3.95,3.90,3.92,3.73,3.92,3.97,3.87,3.90,3.90,3.90,3.80
201320,2632,1,25,23,92%,3.96,3.96,4.00,3.74,4.00,3.96,3.96,3.75,4.00,4.00,3.91,3.96,3.83,3.91,3.87
201420,2632,1,39,37,95%,3.73,3.73,3.92,3.70,3.92,3.84,3.84,3.85,3.78,3.89,3.78,3.89,3.57,3.54,3.54
201520,2632,1,45,44,98%,3.82,3.86,3.95,3.73,3.98,3.86,3.93,3.68,3.95,4.00,3.91,3.93,3.72,3.79,3.81
201620,2632,1,44,39,89%,3.74,3.62,3.90,3.54,3.95,3.76,3.90,3.76,3.87,3.87,3.80,3.77,3.54,3.33,3.56
201320,2632,2,45,42,93%,3.67,3.69,3.83,3.76,3.90,3.81,3.83,3.77,3.88,3.85,3.83,3.79,3.36,3.64,3.71
201320,2632,2,34,31,91%,3.74,3.64,3.87,3.71,3.90,3.61,3.74,3.74,3.90,3.93,3.74,3.84,3.58,3.71,3.81
201410,2632,2,33,29,88%,3.79,3.79,3.83,3.76,3.97,3.83,3.90,3.65,3.86,3.90,3.79,3.90,3.76,3.86,3.72
201610,2632,2,36,35,97%,3.86,3.74,3.88,3.54,3.94,3.80,3.91,3.77,3.89,3.97,3.74,3.89,3.71,3.77,3.74
201710,2632,2,30,28,93%,3.61,3.43,3.79,3.50,3.86,3.57,3.61,3.39,3.54,3.64,3.71,3.37,3.48,3.33,3.52
201720,2632,2,41,25,61%,3.92,3.76,3.80,3.76,3.92,3.92,3.88,3.75,3.80,4.00,3.92,3.92,3.80,3.84,3.84
201810,2632,2,42,42,100%,3.81,3.67,3.74,3.67,3.90,3.76,3.78,3.81,3.79,3.83,3.81,3.79,3.52,3.60,3.57
201310,2632,2,38,22,58%,3.73,3.77,3.91,3.86,3.95,3.91,3.95,3.80,3.76,4.00,3.86,3.86,3.55,3.73,3.73
201410,2632,2,36,30,83%,3.70,3.77,3.77,3.63,3.93,3.70,3.77,3.64,3.85,3.90,3.77,3.80,3.73,3.60,3.73
201610,2632,2,41,36,88%,3.67,3.47,3.56,3.56,3.86,3.72,3.69,3.70,3.64,3.80,3.64,3.69,3.33,3.44,3.39
201620,2632,2,39,38,97%,3.89,3.89,3.79,3.82,3.95,3.89,3.95,3.79,3.92,4.00,3.92,3.92,3.84,3.92,3.89
201710,2632,2,33,30,91%,3.77,3.67,3.77,3.77,3.90,3.79,3.73,3.88,3.77,3.90,3.80,3.83,3.63,3.63,3.70
201310,2632,2,36,24,67%,3.46,3.46,3.58,3.58,3.67,3.58,3.54,3.60,3.79,3.79,3.67,3.79,3.33,3.50,3.54
201410,2632,2,32,24,75%,3.50,3.50,3.79,3.50,3.96,3.75,3.71,3.60,3.74,3.88,3.67,3.75,3.50,3.58,3.70
201420,2632,2,39,36,92%,3.78,3.78,3.92,3.78,3.89,3.97,3.89,3.80,3.86,3.97,3.86,3.94,3.64,3.81,3.77
201510,2632,2,35,30,86%,3.60,3.47,3.40,3.43,3.83,3.60,3.70,3.72,3.67,3.80,3.60,3.90,3.43,3.63,3.60
201520,2632,2,38,30,79%,3.73,3.67,3.83,3.63,3.80,3.77,3.87,3.74,3.77,3.87,3.80,3.73,3.57,3.53,3.57
201510,2632,2,41,37,90%,3.62,3.60,3.81,3.62,3.81,3.70,3.70,3.76,3.78,3.89,3.73,3.76,3.68,3.62,3.68
201810,2632,4,20,16,80%,4.00,4.00,3.69,3.64,4.00,3.88,3.81,3.88,4.00,3.94,3.94,3.94,4.00,3.88,3.94
201420,3356,3,30,14,47%,2.33,2.17,2.00,2.50,3.17,2.50,2.83,0.00,2.50,3.14,2.71,2.71,2.64,3.00,2.91
201620,3356,3,24,6,25%,3.50,4.00,4.00,3.50,4.00,4.00,4.00,4.00,4.00,3.83,3.67,3.33,3.00,2.67,3.17
201520,3356,4,25,12,48%,3.67,3.58,3.50,3.25,3.92,3.92,3.82,3.88,3.67,3.92,3.67,3.67,3.58,3.50,3.73
201520,3356,4,25,12,48%,3.67,3.58,3.50,3.25,3.92,3.92,3.82,3.88,3.67,3.92,3.67,3.67,3.58,3.50,3.73
201520,8746,3,29,13,45%,3.38,3.08,3.46,2.92,3.23,3.62,3.54,2.60,2.92,3.69,3.62,3.38,3.08,3.08,3.31
201610,8746,3,33,18,55%,3.28,3.28,3.56,3.06,3.56,3.56,3.56,2.64,3.17,3.67,3.33,3.33,3.33,3.06,3.39
201510,8746,3,30,13,43%,3.33,3.23,2.62,3.00,3.54,3.69,3.15,2.50,2.92,3.77,3.62,3.46,3.46,3.38,3.46
201710,5867,2,25,19,76%,3.84,3.79,3.95,3.79,3.95,3.89,3.89,3.90,3.95,3.95,3.84,3.95,3.84,3.68,3.63
201720,5867,2,24,23,96%,3.57,3.39,3.78,3.48,3.70,3.74,3.65,3.72,3.65,3.61,3.43,3.70,3.39,3.43,3.61
201310,6417,1,8,2,25%,4.00,4.00,3.50,4.00,4.00,4.00,4.00,4.00,4.00,4.00,4.00,4.00,4.00,4.00,4.00
201620,5564,2,30,22,73%,3.09,2.73,2.86,3.14,3.05,3.19,2.43,3.44,2.23,3.09,2.91,3.05,2.77,2.14,2.68
201620,5564,2,28,22,79%,2.64,1.96,2.18,2.59,2.73,2.91,2.48,3.09,1.96,3.00,2.64,2.36,1.96,1.91,2.18
201610,5564,2,25,22,88%,3.59,3.23,2.64,3.23,3.50,3.50,2.64,3.67,2.55,3.50,3.18,3.27,3.09,2.86,3.05
201610,5564,2,24,22,92%,3.36,2.82,2.77,3.00,3.27,3.36,2.82,3.50,2.55,3.41,3.14,3.23,2.82,2.50,2.82
201710,5564,2,25,23,92%,3.61,3.30,3.39,3.30,3.74,3.83,3.61,3.79,3.30,3.87,3.74,3.78,3.39,3.04,3.39
201620,7383,3,38,20,53%,3.65,3.75,3.95,3.75,3.80,3.85,3.85,3.56,3.80,3.85,3.85,3.85,3.60,3.65,3.75
